INSERT INTO minhphap_jewerly.role (id, flag_delete, name_role) VALUES (1, true, 'ROLE_ADMIN');
INSERT INTO minhphap_jewerly.role (id, flag_delete, name_role) VALUES (2, true, 'ROLE_CUSTOMER');


INSERT INTO minhphap_jewerly.user_role (id, app_user_id, app_role_id) VALUES (2, 2, 2);


INSERT INTO minhphap_jewerly.app_user (id, password, user_name) VALUES (2, '$2a$10$4efW/aiir1LWFMpV/j/hr.GSrfX1U.oTp08f8UWwhe7QxH.QMOpoq', 'CodeGym');


INSERT INTO minhphap_jewerly.customer (id, address, dob, email, full_name, gender, id_card, phone, user_id) VALUES (1, '78 Phạm Tuấn Tài, Đà Nẵng', '15/08/1998', 'minhphapclt@gmail.com', 'Trần Minh Pháp', 'Nam', '1919191143', '0776872922', 2);


INSERT INTO minhphap_jewerly.category (id, name_category) VALUES (1, 'Nhẫn');
INSERT INTO minhphap_jewerly.category (id, name_category) VALUES (2, 'Dây Chuyền');
INSERT INTO minhphap_jewerly.category (id, name_category) VALUES (3, 'Mặt Dây Chuyền');
INSERT INTO minhphap_jewerly.category (id, name_category) VALUES (4, 'Bông Tai');
INSERT INTO minhphap_jewerly.category (id, name_category) VALUES (5, 'Lắc');
INSERT INTO minhphap_jewerly.category (id, name_category) VALUES (6, 'Vòng');
INSERT INTO minhphap_jewerly.category (id, name_category) VALUES (7, 'Kiềng');


INSERT INTO minhphap_jewerly.type (id, name_type) VALUES (1, 'Vàng');
INSERT INTO minhphap_jewerly.type (id, name_type) VALUES (2, 'Bạc');
INSERT INTO minhphap_jewerly.type (id, name_type) VALUES (3, 'Platinum');


INSERT INTO minhphap_jewerly.trademark (id, name_trademark) VALUES (1, 'STYLE by PNJ');
INSERT INTO minhphap_jewerly.trademark (id, name_trademark) VALUES (2, 'Disney PNJ');
INSERT INTO minhphap_jewerly.trademark (id, name_trademark) VALUES (3, 'PNJ');
INSERT INTO minhphap_jewerly.trademark (id, name_trademark) VALUES (4, 'PNJ Silver');
INSERT INTO minhphap_jewerly.trademark (id, name_trademark) VALUES (5, 'PNJ HK');


INSERT INTO minhphap_jewerly.product (id, code, description, flag_deleted, name_product, price, quantity, category_id, trademark_id, type_id) VALUES (1, 'NV0001', 'OK', true, 'Nhẫn vàng đính đá Citrine', 13464000, 96, 1, 2, 1);
INSERT INTO minhphap_jewerly.product (id, code, description, flag_deleted, name_product, price, quantity, category_id, trademark_id, type_id) VALUES (2, 'NV0002', 'OK', true, 'Nhẫn vàng đính đá', 8938600, 10, 1, 3, 1);
INSERT INTO minhphap_jewerly.product (id, code, description, flag_deleted, name_product, price, quantity, category_id, trademark_id, type_id) VALUES (3, 'NV003', 'ok', true, 'Nhẫn cưới vàng trắng', 3757800, 95, 1, 1, 1);
INSERT INTO minhphap_jewerly.product (id, code, description, flag_deleted, name_product, price, quantity, category_id, trademark_id, type_id) VALUES (4, 'NV004', 'OK', true, 'Nhẫn vàng trắng 10k đính đá', 9191000, 98, 1, 4, 1);
INSERT INTO minhphap_jewerly.product (id, code, description, flag_deleted, name_product, price, quantity, category_id, trademark_id, type_id) VALUES (5, 'NV005', 'OK', true, 'Nhẫn vàng trắng 14k đính ngọc trai', 11438000, 100, 1, 2, 1);
INSERT INTO minhphap_jewerly.product (id, code, description, flag_deleted, name_product, price, quantity, category_id, trademark_id, type_id) VALUES (6, 'NB001', 'ok', true, 'Nhẫn bạc PNJ', 495000, 100, 1, 1, 2);
INSERT INTO minhphap_jewerly.product (id, code, description, flag_deleted, name_product, price, quantity, category_id, trademark_id, type_id) VALUES (7, 'NB002', 'ok', true, 'Nhẫn bạc đính đá', 795000, 95, 1, 1, 2);
INSERT INTO minhphap_jewerly.product (id, code, description, flag_deleted, name_product, price, quantity, category_id, trademark_id, type_id) VALUES (8, 'NB003', 'ok', true, 'Nhẫn bạc đính đá STYLE', 357000, 99, 1, 2, 2);
INSERT INTO minhphap_jewerly.product (id, code, description, flag_deleted, name_product, price, quantity, category_id, trademark_id, type_id) VALUES (9, 'NB004', 'ok', true, 'Nhẫn bạc đính đá STYLE', 965000, 100, 1, 2, 2);
INSERT INTO minhphap_jewerly.product (id, code, description, flag_deleted, name_product, price, quantity, category_id, trademark_id, type_id) VALUES (10, 'NB005', 'ok', true, 'Nhẫn bạc đính đá', 1495000, 100, 1, 3, 2);
INSERT INTO minhphap_jewerly.product (id, code, description, flag_deleted, name_product, price, quantity, category_id, trademark_id, type_id) VALUES (11, 'NK001', 'ok', true, 'Nhẫn kim cương Vàng trắng', 255375000, 100, 1, 1, 3);
INSERT INTO minhphap_jewerly.product (id, code, description, flag_deleted, name_product, price, quantity, category_id, trademark_id, type_id) VALUES (12, 'NK002', 'ok', true, 'Nhẫn kim cương Vàng trắng 14k', 212509000, 96, 1, 2, 3);
INSERT INTO minhphap_jewerly.product (id, code, description, flag_deleted, name_product, price, quantity, category_id, trademark_id, type_id) VALUES (13, 'NK003', 'ok', true, 'Nhẫn nam kim cương trắng', 194568000, 100, 1, 3, 3);
INSERT INTO minhphap_jewerly.product (id, code, description, flag_deleted, name_product, price, quantity, category_id, trademark_id, type_id) VALUES (14, 'NK004', 'ok', true, 'Nhẫn kim cương Vàng 18k ', 136973000, 98, 1, 2, 3);
INSERT INTO minhphap_jewerly.product (id, code, description, flag_deleted, name_product, price, quantity, category_id, trademark_id, type_id) VALUES (15, 'NK005', 'ok', true, 'Nhẫn kim cương xanh', 12383900, 100, 1, 1, 3);
INSERT INTO minhphap_jewerly.product (id, code, description, flag_deleted, name_product, price, quantity, category_id, trademark_id, type_id) VALUES (16, 'DC001', 'ok', true, 'Dây chuyền vàng 14k', 19323000, 97, 2, 4, 1);
INSERT INTO minhphap_jewerly.product (id, code, description, flag_deleted, name_product, price, quantity, category_id, trademark_id, type_id) VALUES (17, 'DC002', 'ok', true, 'Dây chuyền vàng Ý 18k', 15918000, 100, 2, 4, 1);
INSERT INTO minhphap_jewerly.product (id, code, description, flag_deleted, name_product, price, quantity, category_id, trademark_id, type_id) VALUES (18, 'DC003', 'ok', true, 'Dây chuyền vàng trắng ý 18k', 33367000, 100, 2, 4, 1);
INSERT INTO minhphap_jewerly.product (id, code, description, flag_deleted, name_product, price, quantity, category_id, trademark_id, type_id) VALUES (19, 'DC004', 'ok', true, 'Dây chuyền nam vàng trắng ý 18k', 30050000, 100, 2, 3, 1);
INSERT INTO minhphap_jewerly.product (id, code, description, flag_deleted, name_product, price, quantity, category_id, trademark_id, type_id) VALUES (20, 'DC005', 'ok', true, 'Dây chuyền nam Vàng 18k', 29430000, 100, 2, 1, 1);
INSERT INTO minhphap_jewerly.product (id, code, description, flag_deleted, name_product, price, quantity, category_id, trademark_id, type_id) VALUES (21, 'DCB001', 'ok', true, 'Dây chuyền Bạc Ý', 575000, 100, 2, 1, 2);
INSERT INTO minhphap_jewerly.product (id, code, description, flag_deleted, name_product, price, quantity, category_id, trademark_id, type_id) VALUES (22, 'DCB002', 'ok', true, 'Dây chuyền Bạc Ý PNJ', 1795000, 100, 2, 4, 2);
INSERT INTO minhphap_jewerly.product (id, code, description, flag_deleted, name_product, price, quantity, category_id, trademark_id, type_id) VALUES (23, 'DCB003', 'ok', true, 'Dây chuyền Nam Bạc', 3495000, 100, 2, 2, 2);
INSERT INTO minhphap_jewerly.product (id, code, description, flag_deleted, name_product, price, quantity, category_id, trademark_id, type_id) VALUES (24, 'DCB004', 'ok', true, 'Dây chuyền Bạc', 1395000, 100, 2, 5, 2);
INSERT INTO minhphap_jewerly.product (id, code, description, flag_deleted, name_product, price, quantity, category_id, trademark_id, type_id) VALUES (25, 'DCB005', 'ok', true, 'Dây chuyền Bạc Ý', 2955000, 100, 2, 5, 2);
INSERT INTO minhphap_jewerly.product (id, code, description, flag_deleted, name_product, price, quantity, category_id, trademark_id, type_id) VALUES (26, 'DCKC001', 'ok', true, 'Dây chuyền Bạch Kim', 3990000, 100, 2, 4, 3);
INSERT INTO minhphap_jewerly.product (id, code, description, flag_deleted, name_product, price, quantity, category_id, trademark_id, type_id) VALUES (27, 'DCBK002', 'ok', true, 'Dây chuyền Bạch Kim PNJ', 2990000, 95, 2, 1, 3);
INSERT INTO minhphap_jewerly.product (id, code, description, flag_deleted, name_product, price, quantity, category_id, trademark_id, type_id) VALUES (28, 'DCBK003', 'ok', true, 'Dây chuyền Bạch Kim', 4224000, 100, 2, 3, 3);
INSERT INTO minhphap_jewerly.product (id, code, description, flag_deleted, name_product, price, quantity, category_id, trademark_id, type_id) VALUES (29, 'DCBK004', 'ko', true, 'Dây chuyền Bạch Kim PNJ', 3195000, 100, 2, 2, 3);
INSERT INTO minhphap_jewerly.product (id, code, description, flag_deleted, name_product, price, quantity, category_id, trademark_id, type_id) VALUES (30, 'DCBK005', 'ok', true, 'Dây chuyền Bạch Kim Ý', 7673000, 100, 2, 4, 3);
INSERT INTO minhphap_jewerly.product (id, code, description, flag_deleted, name_product, price, quantity, category_id, trademark_id, type_id) VALUES (31, 'MDCV001', 'ok', true, 'Mặt dây chuyền nam Kim Cương trắng 14k', 91832000, 100, 3, 1, 1);
INSERT INTO minhphap_jewerly.product (id, code, description, flag_deleted, name_product, price, quantity, category_id, trademark_id, type_id) VALUES (32, 'MDCV002', 'ok', true, 'Mặt dây chuyền Kim cương vàng trắng', 6900000, 100, 3, 2, 1);
INSERT INTO minhphap_jewerly.product (id, code, description, flag_deleted, name_product, price, quantity, category_id, trademark_id, type_id) VALUES (33, 'MDCV003', 'ok', true, 'Mặt dây chuyền Kim Cương Vàng trắng tượng Phật', 11707000, 100, 3, 3, 1);
INSERT INTO minhphap_jewerly.product (id, code, description, flag_deleted, name_product, price, quantity, category_id, trademark_id, type_id) VALUES (34, 'MDCV004', 'ok', true, 'Mặt dây chuyền Kim Cương Vàng trắng trái tim', 16807000, 100, 3, 4, 1);
INSERT INTO minhphap_jewerly.product (id, code, description, flag_deleted, name_product, price, quantity, category_id, trademark_id, type_id) VALUES (35, 'MDCV005', 'ok', true, 'Mặt dây chuyền Kim Cương Vàng trắng đính ngọc trai', 3349000, 100, 3, 5, 1);
INSERT INTO minhphap_jewerly.product (id, code, description, flag_deleted, name_product, price, quantity, category_id, trademark_id, type_id) VALUES (36, 'MDCB001', 'ok', true, 'Mặt dây chuyền nam Bạc đính đá', 1610000, 100, 3, 1, 2);
INSERT INTO minhphap_jewerly.product (id, code, description, flag_deleted, name_product, price, quantity, category_id, trademark_id, type_id) VALUES (37, 'MDCB002', 'ok', true, 'Mặt dây chuyền nam Bạc đính đá', 595000, 100, 3, 2, 2);
INSERT INTO minhphap_jewerly.product (id, code, description, flag_deleted, name_product, price, quantity, category_id, trademark_id, type_id) VALUES (38, 'MDCB003', 'ok', true, 'Mặt dây chuyền nam Bạc đính đá PNJ', 1145000, 100, 3, 3, 2);
INSERT INTO minhphap_jewerly.product (id, code, description, flag_deleted, name_product, price, quantity, category_id, trademark_id, type_id) VALUES (39, 'MDCB004', 'ok', true, 'Mặt dây chuyền nam Bạc đính đá hình chú mèo', 1050000, 100, 3, 4, 2);
INSERT INTO minhphap_jewerly.product (id, code, description, flag_deleted, name_product, price, quantity, category_id, trademark_id, type_id) VALUES (40, 'MDCB005', 'ok', true, 'Mặt dây chuyền trẻ em Bạc disney', 825000, 100, 3, 5, 2);
INSERT INTO minhphap_jewerly.product (id, code, description, flag_deleted, name_product, price, quantity, category_id, trademark_id, type_id) VALUES (41, 'MDCBK001', 'ok', true, 'Mặt dây chuyền nam Bạch kim', 18390000, 100, 3, 1, 3);
INSERT INTO minhphap_jewerly.product (id, code, description, flag_deleted, name_product, price, quantity, category_id, trademark_id, type_id) VALUES (42, 'MDCBK002', 'ok', true, 'Mặt dây chuyền Bạch kim đính Kim Cương', 13900000, 100, 3, 2, 3);
INSERT INTO minhphap_jewerly.product (id, code, description, flag_deleted, name_product, price, quantity, category_id, trademark_id, type_id) VALUES (43, 'MDCBK003', 'ok', true, 'Mặt dây chuyền Bạch kim đính Kim Cương', 37900000, 100, 3, 3, 3);
INSERT INTO minhphap_jewerly.product (id, code, description, flag_deleted, name_product, price, quantity, category_id, trademark_id, type_id) VALUES (44, 'MDCBK004', 'ok', true, 'Mặt dây chuyền nam Bạch kim', 7810000, 100, 3, 4, 3);
INSERT INTO minhphap_jewerly.product (id, code, description, flag_deleted, name_product, price, quantity, category_id, trademark_id, type_id) VALUES (45, 'MDCBK005', 'ok', true, 'Mặt đây chuyền kim cương', 41363000, 100, 3, 5, 3);
INSERT INTO minhphap_jewerly.product (id, code, description, flag_deleted, name_product, price, quantity, category_id, trademark_id, type_id) VALUES (46, 'BTV001', 'ok', true, 'Bông tai Vàng 14k đính đá CZ', 6102000, 100, 4, 1, 1);
INSERT INTO minhphap_jewerly.product (id, code, description, flag_deleted, name_product, price, quantity, category_id, trademark_id, type_id) VALUES (47, 'BTV002', 'ok', true, 'Bông tai vàng 14k đính đá', 6576000, 99, 4, 2, 1);
INSERT INTO minhphap_jewerly.product (id, code, description, flag_deleted, name_product, price, quantity, category_id, trademark_id, type_id) VALUES (48, 'BTV003', 'ok', true, 'Bông tai Vàng 18k Kim bảo như ý', 7769000, 100, 4, 3, 1);
INSERT INTO minhphap_jewerly.product (id, code, description, flag_deleted, name_product, price, quantity, category_id, trademark_id, type_id) VALUES (49, 'BTV004', 'ok', true, 'Bông tai Vàng trắng 14k', 35500000, 100, 4, 4, 1);
INSERT INTO minhphap_jewerly.product (id, code, description, flag_deleted, name_product, price, quantity, category_id, trademark_id, type_id) VALUES (50, 'BTV005', 'ok', true, 'Bông tai vàng trắng Audax Rosa', 17567000, 100, 4, 5, 1);
INSERT INTO minhphap_jewerly.product (id, code, description, flag_deleted, name_product, price, quantity, category_id, trademark_id, type_id) VALUES (51, 'BTB001', 'ok', true, 'Bông tai bạc đính đá Active', 695000, 100, 4, 1, 2);
INSERT INTO minhphap_jewerly.product (id, code, description, flag_deleted, name_product, price, quantity, category_id, trademark_id, type_id) VALUES (52, 'BTC002', 'ok', true, 'Bông tai bạc đính đá Barcode', 395000, 100, 4, 2, 2);
INSERT INTO minhphap_jewerly.product (id, code, description, flag_deleted, name_product, price, quantity, category_id, trademark_id, type_id) VALUES (53, 'BTB003', 'ok', true, 'Bông tai bạc đính đá ', 895000, 100, 4, 3, 2);
INSERT INTO minhphap_jewerly.product (id, code, description, flag_deleted, name_product, price, quantity, category_id, trademark_id, type_id) VALUES (54, 'BTB004', 'ok', true, 'Bông tai bạc đính ngọc trai', 795000, 100, 4, 4, 2);
INSERT INTO minhphap_jewerly.product (id, code, description, flag_deleted, name_product, price, quantity, category_id, trademark_id, type_id) VALUES (55, 'BTB005', 'ok', true, 'Bông tai bạc Unisex', 545000, 100, 4, 5, 2);
INSERT INTO minhphap_jewerly.product (id, code, description, flag_deleted, name_product, price, quantity, category_id, trademark_id, type_id) VALUES (56, 'BTBK001', 'ok', true, 'Bông tai bạch kim đính kim cương', 16400000, 100, 4, 1, 3);
INSERT INTO minhphap_jewerly.product (id, code, description, flag_deleted, name_product, price, quantity, category_id, trademark_id, type_id) VALUES (57, 'BTBK002', 'ok', true, 'Bông tai bạch kim đính kim cương', 62900000, 100, 4, 2, 3);
INSERT INTO minhphap_jewerly.product (id, code, description, flag_deleted, name_product, price, quantity, category_id, trademark_id, type_id) VALUES (58, 'BTBK003', 'ok', true, 'Bông tai bạch kim đính kim cương', 16400000, 99, 4, 3, 3);
INSERT INTO minhphap_jewerly.product (id, code, description, flag_deleted, name_product, price, quantity, category_id, trademark_id, type_id) VALUES (59, 'BTBK004', 'ok', true, 'Bông tai bạch kim đính Ý', 3575000, 99, 4, 4, 3);
INSERT INTO minhphap_jewerly.product (id, code, description, flag_deleted, name_product, price, quantity, category_id, trademark_id, type_id) VALUES (60, 'BTBK005', 'ok', true, 'Bông tai bạch kim đính', 4172000, 100, 4, 5, 3);
INSERT INTO minhphap_jewerly.product (id, code, description, flag_deleted, name_product, price, quantity, category_id, trademark_id, type_id) VALUES (61, 'LV001', 'ok', true, 'Lắc tay Vàng trắng Ý 18k', 10990000, 100, 5, 1, 1);
INSERT INTO minhphap_jewerly.product (id, code, description, flag_deleted, name_product, price, quantity, category_id, trademark_id, type_id) VALUES (62, 'LTV002', 'ok', true, 'Lắc tay Vàng 18k', 16050000, 100, 5, 2, 1);
INSERT INTO minhphap_jewerly.product (id, code, description, flag_deleted, name_product, price, quantity, category_id, trademark_id, type_id) VALUES (63, 'LTV003', 'ok', true, 'Lắc tay vàng trắng ý 18k PNJ', 22206000, 100, 5, 3, 1);
INSERT INTO minhphap_jewerly.product (id, code, description, flag_deleted, name_product, price, quantity, category_id, trademark_id, type_id) VALUES (64, 'LTV004', 'ok', true, 'Lắc chân vàng trắng ý 18k', 7474000, 100, 5, 4, 1);
INSERT INTO minhphap_jewerly.product (id, code, description, flag_deleted, name_product, price, quantity, category_id, trademark_id, type_id) VALUES (65, 'LTV005', 'ok', true, 'Lắc tay Vàng trắng 10k', 3392000, 100, 5, 5, 1);
INSERT INTO minhphap_jewerly.product (id, code, description, flag_deleted, name_product, price, quantity, category_id, trademark_id, type_id) VALUES (66, 'LTB001', 'ok', true, 'Lắc tay bạc đính đá General', 1085000, 100, 5, 1, 2);
INSERT INTO minhphap_jewerly.product (id, code, description, flag_deleted, name_product, price, quantity, category_id, trademark_id, type_id) VALUES (67, 'LTB002', 'ok', true, 'Lắc tay Bạc đính đá Trịnh Collection', 1095000, 100, 5, 2, 2);
INSERT INTO minhphap_jewerly.product (id, code, description, flag_deleted, name_product, price, quantity, category_id, trademark_id, type_id) VALUES (68, 'LTB003', 'ok', true, 'Lắc tay Bạc đính ngọc trai', 1195000, 100, 5, 3, 2);
INSERT INTO minhphap_jewerly.product (id, code, description, flag_deleted, name_product, price, quantity, category_id, trademark_id, type_id) VALUES (69, 'LTB004', 'ok', true, 'Lắc tay Bạc ý', 795000, 100, 5, 4, 2);
INSERT INTO minhphap_jewerly.product (id, code, description, flag_deleted, name_product, price, quantity, category_id, trademark_id, type_id) VALUES (70, 'LTB005', 'ok', true, 'Lắc tay Bạc', 795000, 100, 5, 5, 2);
INSERT INTO minhphap_jewerly.product (id, code, description, flag_deleted, name_product, price, quantity, category_id, trademark_id, type_id) VALUES (71, 'LTBK001', 'ok', true, 'Lắc tay Bạch kim đính kim cương', 9990000, 100, 5, 1, 3);
INSERT INTO minhphap_jewerly.product (id, code, description, flag_deleted, name_product, price, quantity, category_id, trademark_id, type_id) VALUES (72, 'LTBK002', 'ok', true, 'Lắc tay Bạch kim đính vàng', 22173000, 100, 5, 2, 3);
INSERT INTO minhphap_jewerly.product (id, code, description, flag_deleted, name_product, price, quantity, category_id, trademark_id, type_id) VALUES (73, 'LTKB003', 'ok', true, 'Lắc tay Kim cương', 183229000, 100, 5, 3, 3);
INSERT INTO minhphap_jewerly.product (id, code, description, flag_deleted, name_product, price, quantity, category_id, trademark_id, type_id) VALUES (74, 'LTBK004', 'ok', true, 'Lắc tay Kim cương Vàng trắng', 171102000, 100, 5, 4, 3);
INSERT INTO minhphap_jewerly.product (id, code, description, flag_deleted, name_product, price, quantity, category_id, trademark_id, type_id) VALUES (75, 'LTBK005', 'ok', true, 'Lắc tay kim cương Ý', 32475000, 100, 5, 5, 3);
INSERT INTO minhphap_jewerly.product (id, code, description, flag_deleted, name_product, price, quantity, category_id, trademark_id, type_id) VALUES (76, 'VTV001', 'ok', true, 'Vòng tay vàng 10k ECZ', 12026000, 100, 6, 1, 1);
INSERT INTO minhphap_jewerly.product (id, code, description, flag_deleted, name_product, price, quantity, category_id, trademark_id, type_id) VALUES (77, 'VTV002', 'ok', true, 'Vòng tay vàng trắng 10k', 12795000, 100, 6, 2, 1);
INSERT INTO minhphap_jewerly.product (id, code, description, flag_deleted, name_product, price, quantity, category_id, trademark_id, type_id) VALUES (78, 'VTV003', 'ok', true, 'Vòng tay vàng 10k Audax', 19997000, 96, 6, 3, 1);
INSERT INTO minhphap_jewerly.product (id, code, description, flag_deleted, name_product, price, quantity, category_id, trademark_id, type_id) VALUES (79, 'VTV004', 'ok', true, 'Vòng tay vàng 10k đính đá Niềm tin', 12971000, 100, 6, 4, 1);
INSERT INTO minhphap_jewerly.product (id, code, description, flag_deleted, name_product, price, quantity, category_id, trademark_id, type_id) VALUES (80, 'VTV005', 'ok', true, 'Vòng tay vàng trắng 14k đính đá Topaz', 52896000, 100, 6, 5, 1);
INSERT INTO minhphap_jewerly.product (id, code, description, flag_deleted, name_product, price, quantity, category_id, trademark_id, type_id) VALUES (81, 'VTB001', 'ok', true, 'Vòng tay Bạc đính đá ', 1745000, 100, 6, 1, 2);
INSERT INTO minhphap_jewerly.product (id, code, description, flag_deleted, name_product, price, quantity, category_id, trademark_id, type_id) VALUES (82, 'VTB002', 'ok', true, 'Vòng tay Bạc đính đá PNJ Style', 2095000, 100, 6, 2, 2);
INSERT INTO minhphap_jewerly.product (id, code, description, flag_deleted, name_product, price, quantity, category_id, trademark_id, type_id) VALUES (83, 'VTB003', 'ok', true, 'Vòng tay Bạc trẻ em', 415000, 100, 6, 3, 2);
INSERT INTO minhphap_jewerly.product (id, code, description, flag_deleted, name_product, price, quantity, category_id, trademark_id, type_id) VALUES (84, 'VTB004', 'ok', true, 'Vòng tay Bạc Disney Peter Pan', 1295000, 100, 6, 4, 2);
INSERT INTO minhphap_jewerly.product (id, code, description, flag_deleted, name_product, price, quantity, category_id, trademark_id, type_id) VALUES (85, 'VTB005', 'ok', true, 'Vòng tay Bạc Nàng thơ', 945000, 100, 6, 5, 2);
INSERT INTO minhphap_jewerly.product (id, code, description, flag_deleted, name_product, price, quantity, category_id, trademark_id, type_id) VALUES (86, 'VTBK001', 'ok', true, 'Vòng tay Bạch kim đính kim cương', 39900000, 100, 6, 1, 3);
INSERT INTO minhphap_jewerly.product (id, code, description, flag_deleted, name_product, price, quantity, category_id, trademark_id, type_id) VALUES (87, 'VTBK002', 'ok', true, 'Vòng tay Bạch kim đính kim cương', 32900000, 100, 6, 2, 3);
INSERT INTO minhphap_jewerly.product (id, code, description, flag_deleted, name_product, price, quantity, category_id, trademark_id, type_id) VALUES (88, 'VTBK003', 'ok', true, 'Vòng tay Kim cương Vàng trắng', 37863000, 100, 6, 3, 3);
INSERT INTO minhphap_jewerly.product (id, code, description, flag_deleted, name_product, price, quantity, category_id, trademark_id, type_id) VALUES (89, 'VTBK004', 'ok', true, 'Vòng tay Ximen Vàng trắng Ý', 32845000, 100, 6, 4, 3);
INSERT INTO minhphap_jewerly.product (id, code, description, flag_deleted, name_product, price, quantity, category_id, trademark_id, type_id) VALUES (90, 'VTBK005', 'ok', true, 'Vòng tay ECZ PNJ', 7726000, 100, 6, 5, 3);
INSERT INTO minhphap_jewerly.product (id, code, description, flag_deleted, name_product, price, quantity, category_id, trademark_id, type_id) VALUES (91, 'KCV001', 'ok', true, 'Kiềng cưới Vàng đính đá', 49229000, 100, 7, 1, 1);
INSERT INTO minhphap_jewerly.product (id, code, description, flag_deleted, name_product, price, quantity, category_id, trademark_id, type_id) VALUES (92, 'KCV002', 'ok', true, 'Kiềng vàng trắng Ý', 20790000, 100, 7, 2, 1);
INSERT INTO minhphap_jewerly.product (id, code, description, flag_deleted, name_product, price, quantity, category_id, trademark_id, type_id) VALUES (93, 'KCV003', 'ok', true, 'Kiềng cưới Vàng trăng Ý', 38170000, 100, 7, 3, 1);
INSERT INTO minhphap_jewerly.product (id, code, description, flag_deleted, name_product, price, quantity, category_id, trademark_id, type_id) VALUES (94, 'KCV004', 'ok', true, 'Kiềng cưới vàng 24k', 13129000, 100, 7, 4, 1);
INSERT INTO minhphap_jewerly.product (id, code, description, flag_deleted, name_product, price, quantity, category_id, trademark_id, type_id) VALUES (95, 'KCV005', 'ok', true, 'Kiềng Vàng trắng Ý', 13020000, 100, 7, 5, 1);
INSERT INTO minhphap_jewerly.product (id, code, description, flag_deleted, name_product, price, quantity, category_id, trademark_id, type_id) VALUES (96, 'KB001', 'ok', true, 'Kiềng bạc Ý kiểu lượn sóng', 1195000, 100, 7, 1, 2);
INSERT INTO minhphap_jewerly.product (id, code, description, flag_deleted, name_product, price, quantity, category_id, trademark_id, type_id) VALUES (97, 'KB002', 'ok', true, 'Kiềng Bạc Ý', 1295000, 100, 7, 2, 2);
INSERT INTO minhphap_jewerly.product (id, code, description, flag_deleted, name_product, price, quantity, category_id, trademark_id, type_id) VALUES (98, 'KB003', 'ok', true, 'Kiềng Bạc Ý PNJ', 2295000, 100, 7, 3, 2);
INSERT INTO minhphap_jewerly.product (id, code, description, flag_deleted, name_product, price, quantity, category_id, trademark_id, type_id) VALUES (99, 'KB004', 'ok', true, 'Kiềng Bạc Ý kiểu đai xoắn', 1245000, 86, 7, 4, 2);
INSERT INTO minhphap_jewerly.product (id, code, description, flag_deleted, name_product, price, quantity, category_id, trademark_id, type_id) VALUES (100, 'KB005', 'ok', true, 'Kiềng Bạc Ý PNJ Silver', 3490000, 100, 7, 5, 2);


INSERT INTO minhphap_jewerly.image (id, path, product_id) VALUES (1, 'https://cdn.pnj.io/images/detailed/128/gnctxmy000460-nhan-vang-18k-dinh-da-citrine-pnj-1.png', 1);
INSERT INTO minhphap_jewerly.image (id, path, product_id) VALUES (2, 'https://cdn.pnj.io/images/detailed/128/gnctxmy000460-nhan-vang-18k-dinh-da-citrine-pnj-2.png', 1);
INSERT INTO minhphap_jewerly.image (id, path, product_id) VALUES (3, 'https://cdn.pnj.io/images/detailed/128/gnctxmy000460-nhan-vang-18k-dinh-da-citrine-pnj-3.png', 1);
INSERT INTO minhphap_jewerly.image (id, path, product_id) VALUES (4, 'https://cdn.pnj.io/images/detailed/128/gnctxmy000460-nhan-vang-18k-dinh-da-citrine-pnj-5.jpg', 1);
INSERT INTO minhphap_jewerly.image (id, path, product_id) VALUES (5, 'https://cdn.pnj.io/images/detailed/124/gnxmxmy006396-nhan-vang-18k-dinh-da-cz-pnj.png', 2);
INSERT INTO minhphap_jewerly.image (id, path, product_id) VALUES (6, 'https://cdn.pnj.io/images/detailed/124/gnxmxmy006396-nhan-vang-18k-dinh-da-cz-pnj-01.png', 2);
INSERT INTO minhphap_jewerly.image (id, path, product_id) VALUES (7, 'https://cdn.pnj.io/images/detailed/124/gnxmxmy006396-nhan-vang-18k-dinh-da-cz-pnj-02.png', 2);
INSERT INTO minhphap_jewerly.image (id, path, product_id) VALUES (8, 'https://cdn.pnj.io/images/detailed/124/gnxmxmy006396-nhan-vang-18k-dinh-da-cz-pnj-03.jpg', 2);
INSERT INTO minhphap_jewerly.image (id, path, product_id) VALUES (9, 'https://cdn.pnj.io/images/detailed/117/gnsp00w000060-nhan-cuoi-kim-cuong-vang-trang-14k-pnj-01.png', 3);
INSERT INTO minhphap_jewerly.image (id, path, product_id) VALUES (10, 'https://cdn.pnj.io/images/detailed/127/gnsp00w000060-nhan-cuoi-vang-trang-14k-dinh-da-saphire-pnj-true-love-2.png', 3);
INSERT INTO minhphap_jewerly.image (id, path, product_id) VALUES (11, 'https://cdn.pnj.io/images/detailed/127/gnsp00w000060-nhan-cuoi-vang-trang-14k-dinh-da-saphire-pnj-true-love-3.png', 3);
INSERT INTO minhphap_jewerly.image (id, path, product_id) VALUES (12, 'https://cdn.pnj.io/images/detailed/127/gnsp00w000060-nhan-cuoi-vang-trang-14k-dinh-da-saphire-pnj-true-love-4.jpg', 3);
INSERT INTO minhphap_jewerly.image (id, path, product_id) VALUES (13, 'https://cdn.pnj.io/images/thumbnails/485/485/detailed/113/GNXMXMW002392-1.png', 4);
INSERT INTO minhphap_jewerly.image (id, path, product_id) VALUES (14, 'https://cdn.pnj.io/images/thumbnails/485/485/detailed/113/GNXMXMW002392-2.png', 4);
INSERT INTO minhphap_jewerly.image (id, path, product_id) VALUES (15, 'https://cdn.pnj.io/images/thumbnails/485/485/detailed/113/GNXMXMW002392-3.png', 4);
INSERT INTO minhphap_jewerly.image (id, path, product_id) VALUES (16, 'https://cdn.pnj.io/images/thumbnails/485/485/detailed/115/gnxmxmw002392-nhan-vang-trang-18k-dinh-da-ecz-pnj-04.jpg', 4);
INSERT INTO minhphap_jewerly.image (id, path, product_id) VALUES (17, 'https://cdn.pnj.io/images/thumbnails/485/485/detailed/96/gnpaxmw000112-nhan-vang-trang-14k-dinh-ngoc-trai-akoya-pnj-001.png', 5);
INSERT INTO minhphap_jewerly.image (id, path, product_id) VALUES (18, 'https://cdn.pnj.io/images/thumbnails/485/485/detailed/96/gnpaxmw000112-nhan-vang-trang-14k-dinh-ngoc-trai-akoya-pnj-002.png', 5);
INSERT INTO minhphap_jewerly.image (id, path, product_id) VALUES (19, 'https://cdn.pnj.io/images/thumbnails/485/485/detailed/96/gnpaxmw000112-nhan-vang-trang-14k-dinh-ngoc-trai-akoya-pnj-003.png', 5);
INSERT INTO minhphap_jewerly.image (id, path, product_id) VALUES (20, 'https://cdn.pnj.io/images/thumbnails/485/485/detailed/96/gnpaxmw000112-nhan-vang-trang-14k-dinh-ngoc-trai-akoya-pnj-004.jpg', 5);
INSERT INTO minhphap_jewerly.image (id, path, product_id) VALUES (21, 'https://cdn.pnj.io/images/thumbnails/485/485/detailed/124/sn0000w060001-nhan-bac-pnjsilver.png', 6);
INSERT INTO minhphap_jewerly.image (id, path, product_id) VALUES (22, 'https://cdn.pnj.io/images/thumbnails/485/485/detailed/124/sn0000w060001-nhan-bac-pnjsilver-01.png', 6);
INSERT INTO minhphap_jewerly.image (id, path, product_id) VALUES (23, 'https://cdn.pnj.io/images/thumbnails/485/485/detailed/124/sn0000w060001-nhan-bac-pnjsilver-03.png', 6);
INSERT INTO minhphap_jewerly.image (id, path, product_id) VALUES (24, 'https://cdn.pnj.io/images/thumbnails/485/485/detailed/139/sn0000w060001-nhan-bac-pnjsilver-01.jpg', 6);
INSERT INTO minhphap_jewerly.image (id, path, product_id) VALUES (25, 'https://cdn.pnj.io/images/thumbnails/485/485/detailed/119/snxmxmw060031-nhan-bac-dinh-da-pnjsilver-1.png', 7);
INSERT INTO minhphap_jewerly.image (id, path, product_id) VALUES (26, 'https://cdn.pnj.io/images/thumbnails/485/485/detailed/119/snxmxmw060031-nhan-bac-dinh-da-pnjsilver-2.png', 7);
INSERT INTO minhphap_jewerly.image (id, path, product_id) VALUES (27, 'https://cdn.pnj.io/images/thumbnails/485/485/detailed/119/snxmxmw060031-nhan-bac-dinh-da-pnjsilver-3.png', 7);
INSERT INTO minhphap_jewerly.image (id, path, product_id) VALUES (28, 'https://cdn.pnj.io/images/thumbnails/485/485/detailed/119/snxmxmw060031-nhan-bac-dinh-da-pnjsilver-4.jpg', 7);
INSERT INTO minhphap_jewerly.image (id, path, product_id) VALUES (29, 'https://cdn.pnj.io/images/thumbnails/485/485/detailed/112/snxmxmx060005-nhan-bac-dinh-da-style-by-pnj-feminine-1.png', 8);
INSERT INTO minhphap_jewerly.image (id, path, product_id) VALUES (30, 'https://cdn.pnj.io/images/thumbnails/485/485/detailed/112/snxmxmx060005-nhan-bac-dinh-da-style-by-pnj-feminine-2.png', 8);
INSERT INTO minhphap_jewerly.image (id, path, product_id) VALUES (31, 'https://cdn.pnj.io/images/thumbnails/485/485/detailed/112/snxmxmx060005-nhan-bac-dinh-da-style-by-pnj-feminine-3.png', 8);
INSERT INTO minhphap_jewerly.image (id, path, product_id) VALUES (32, 'https://cdn.pnj.io/images/thumbnails/485/485/detailed/112/snxmxmx060005-nhan-bac-dinh-da-style-by-pnj-feminine-4.jpg', 8);
INSERT INTO minhphap_jewerly.image (id, path, product_id) VALUES (33, 'https://cdn.pnj.io/images/thumbnails/485/485/detailed/103/snxmxmx000005-nhan-bac-dinh-da-style-by-pnj.png', 9);
INSERT INTO minhphap_jewerly.image (id, path, product_id) VALUES (34, 'https://cdn.pnj.io/images/thumbnails/485/485/detailed/103/snxmxmx000005-nhan-bac-dinh-da-style-by-pnj-01.png', 9);
INSERT INTO minhphap_jewerly.image (id, path, product_id) VALUES (35, 'https://cdn.pnj.io/images/thumbnails/485/485/detailed/103/snxmxmx000005-nhan-bac-dinh-da-style-by-pnj-02.png', 9);
INSERT INTO minhphap_jewerly.image (id, path, product_id) VALUES (36, 'https://cdn.pnj.io/images/thumbnails/485/485/detailed/103/snxmxmx000005-nhan-bac-dinh-da-style-by-pnj-03.jpg', 9);
INSERT INTO minhphap_jewerly.image (id, path, product_id) VALUES (37, 'https://cdn.pnj.io/images/thumbnails/485/485/detailed/88/snztmxw000007-nhan-bac-dinh-da-pnjsilver-xmas-collection.png', 10);
INSERT INTO minhphap_jewerly.image (id, path, product_id) VALUES (38, 'https://cdn.pnj.io/images/thumbnails/485/485/detailed/88/snztmxw000007-nhan-bac-dinh-da-pnjsilver-xmas-collection-1.png', 10);
INSERT INTO minhphap_jewerly.image (id, path, product_id) VALUES (39, 'https://cdn.pnj.io/images/thumbnails/485/485/detailed/88/snztmxw000007-nhan-bac-dinh-da-pnjsilver-xmas-collection-2.png', 10);
INSERT INTO minhphap_jewerly.image (id, path, product_id) VALUES (40, 'https://cdn.pnj.io/images/thumbnails/485/485/detailed/89/snztmxw000007-nhan-bac-dinh-da-pnjsilver-xmas-collection.jpg', 10);
INSERT INTO minhphap_jewerly.image (id, path, product_id) VALUES (41, 'https://cdn.pnj.io/images/thumbnails/485/485/detailed/162/sp-gnddddw007862-nhan-kim-cuong-vang-trang-14k-pnj-1.png', 11);
INSERT INTO minhphap_jewerly.image (id, path, product_id) VALUES (42, 'https://cdn.pnj.io/images/thumbnails/485/485/detailed/162/sp-gnddddw007862-nhan-kim-cuong-vang-trang-14k-pnj-2.png', 11);
INSERT INTO minhphap_jewerly.image (id, path, product_id) VALUES (43, 'https://cdn.pnj.io/images/thumbnails/485/485/detailed/162/sp-gnddddw007862-nhan-kim-cuong-vang-trang-14k-pnj-3.png', 11);
INSERT INTO minhphap_jewerly.image (id, path, product_id) VALUES (44, 'https://cdn.pnj.io/images/thumbnails/485/485/detailed/162/on-gnddddw007862-nhan-kim-cuong-vang-trang-14k-pnj-5.jpg', 11);
INSERT INTO minhphap_jewerly.image (id, path, product_id) VALUES (45, 'https://cdn.pnj.io/images/thumbnails/485/485/detailed/174/sp-gnddddw005827-nhan-kim-cuong-vang-trang-14k-pnj-1.png', 12);
INSERT INTO minhphap_jewerly.image (id, path, product_id) VALUES (46, 'https://cdn.pnj.io/images/thumbnails/485/485/detailed/174/sp-gnddddw005827-nhan-kim-cuong-vang-trang-14k-pnj-2.png', 12);
INSERT INTO minhphap_jewerly.image (id, path, product_id) VALUES (47, 'https://cdn.pnj.io/images/thumbnails/485/485/detailed/174/sp-gnddddw005827-nhan-kim-cuong-vang-trang-14k-pnj-3.png', 12);
INSERT INTO minhphap_jewerly.image (id, path, product_id) VALUES (48, 'https://cdn.pnj.io/images/thumbnails/485/485/detailed/179/on-GNDDDDW005827-nhan-kim-cuong-vang-trang-14k-pnj-05.jpg', 12);
INSERT INTO minhphap_jewerly.image (id, path, product_id) VALUES (49, 'https://cdn.pnj.io/images/thumbnails/485/485/detailed/129/gnddddw007522-nhan-nam-kim-cuong-vang-trang-14k-pnj-1.png', 13);
INSERT INTO minhphap_jewerly.image (id, path, product_id) VALUES (50, 'https://cdn.pnj.io/images/thumbnails/485/485/detailed/129/gnddddw007522-nhan-nam-kim-cuong-vang-trang-14k-pnj-2.png', 13);
INSERT INTO minhphap_jewerly.image (id, path, product_id) VALUES (51, 'https://cdn.pnj.io/images/thumbnails/485/485/detailed/129/gnddddw007522-nhan-nam-kim-cuong-vang-trang-14k-pnj-3.png', 13);
INSERT INTO minhphap_jewerly.image (id, path, product_id) VALUES (52, 'https://cdn.pnj.io/images/thumbnails/485/485/detailed/129/gnddddw007522-nhan-nam-kim-cuong-vang-trang-14k-pnj-4.jpg', 13);
INSERT INTO minhphap_jewerly.image (id, path, product_id) VALUES (53, 'https://cdn.pnj.io/images/thumbnails/485/485/detailed/77/gnddddx000031-nhan-kim-cuong-vang-18k-pnj-01.png', 14);
INSERT INTO minhphap_jewerly.image (id, path, product_id) VALUES (54, 'https://cdn.pnj.io/images/thumbnails/485/485/detailed/77/gnddddx000031-nhan-kim-cuong-vang-18k-pnj-03.png', 14);
INSERT INTO minhphap_jewerly.image (id, path, product_id) VALUES (55, 'https://cdn.pnj.io/images/thumbnails/485/485/detailed/77/gnddddx000031-nhan-kim-cuong-vang-18k-pnj-04.png', 14);
INSERT INTO minhphap_jewerly.image (id, path, product_id) VALUES (56, 'https://cdn.pnj.io/images/thumbnails/485/485/detailed/77/gnddddx000031-nhan-kim-cuong-vang-18k-pnj-02.png', 14);
INSERT INTO minhphap_jewerly.image (id, path, product_id) VALUES (57, 'https://cdn.pnj.io/images/thumbnails/485/485/detailed/181/sp-GNDDDDW003378-nhan-kim-cuong-vang-trang-18k-pnj-1.png', 15);
INSERT INTO minhphap_jewerly.image (id, path, product_id) VALUES (58, 'https://cdn.pnj.io/images/thumbnails/485/485/detailed/181/sp-GNDDDDW003378-nhan-kim-cuong-vang-trang-18k-pnj-2.png', 15);
INSERT INTO minhphap_jewerly.image (id, path, product_id) VALUES (59, 'https://cdn.pnj.io/images/thumbnails/485/485/detailed/181/sp-GNDDDDW003378-nhan-kim-cuong-vang-trang-18k-pnj-3.png', 15);
INSERT INTO minhphap_jewerly.image (id, path, product_id) VALUES (60, 'https://cdn.pnj.io/images/thumbnails/485/485/detailed/181/on-GNDDDDW003378-nhan-kim-cuong-vang-trang-18k-pnj-1.jpg', 15);
INSERT INTO minhphap_jewerly.image (id, path, product_id) VALUES (61, 'https://cdn.pnj.io/images/thumbnails/485/485/detailed/196/sp-gd0000y060529-day-chuyen-vang-14k-pnj-1.png', 16);
INSERT INTO minhphap_jewerly.image (id, path, product_id) VALUES (62, 'https://cdn.pnj.io/images/thumbnails/485/485/detailed/196/sp-gd0000y060529-day-chuyen-vang-14k-pnj-2.png', 16);
INSERT INTO minhphap_jewerly.image (id, path, product_id) VALUES (63, 'https://cdn.pnj.io/images/thumbnails/485/485/detailed/196/sp-gd0000y060529-day-chuyen-vang-14k-pnj-3.png', 16);
INSERT INTO minhphap_jewerly.image (id, path, product_id) VALUES (64, 'https://cdn.pnj.io/images/thumbnails/485/485/detailed/196/on-gd0000y060529-day-chuyen-vang-14k-pnj-1.jpg', 16);
INSERT INTO minhphap_jewerly.image (id, path, product_id) VALUES (65, 'https://cdn.pnj.io/images/thumbnails/485/485/detailed/194/sp-gd0000y009480-day-chuyen-vang-y-18k-pnj-1.png', 17);
INSERT INTO minhphap_jewerly.image (id, path, product_id) VALUES (66, 'https://cdn.pnj.io/images/thumbnails/485/485/detailed/194/sp-gd0000y009480-day-chuyen-vang-y-18k-pnj-2.png', 17);
INSERT INTO minhphap_jewerly.image (id, path, product_id) VALUES (67, 'https://cdn.pnj.io/images/thumbnails/485/485/detailed/194/sp-gd0000y009480-day-chuyen-vang-y-18k-pnj-3.png', 17);
INSERT INTO minhphap_jewerly.image (id, path, product_id) VALUES (68, 'https://cdn.pnj.io/images/thumbnails/485/485/detailed/194/on-gd0000y009480-day-chuyen-vang-y-18k-pnj-2.jpg', 17);
INSERT INTO minhphap_jewerly.image (id, path, product_id) VALUES (69, 'https://cdn.pnj.io/images/thumbnails/485/485/detailed/184/sp-gd0000w000949-day-chuyen-vang-trang-y-18k-pnj-1.png', 18);
INSERT INTO minhphap_jewerly.image (id, path, product_id) VALUES (70, 'https://cdn.pnj.io/images/thumbnails/485/485/detailed/184/sp-gd0000w000949-day-chuyen-vang-trang-y-18k-pnj-2.png', 18);
INSERT INTO minhphap_jewerly.image (id, path, product_id) VALUES (71, 'https://cdn.pnj.io/images/thumbnails/485/485/detailed/184/sp-gd0000w000949-day-chuyen-vang-trang-y-18k-pnj-3.png', 18);
INSERT INTO minhphap_jewerly.image (id, path, product_id) VALUES (72, 'https://cdn.pnj.io/images/thumbnails/485/485/detailed/184/on-gd0000w000949-day-chuyen-vang-trang-y-18k-pnj-1.jpg', 18);
INSERT INTO minhphap_jewerly.image (id, path, product_id) VALUES (73, 'https://cdn.pnj.io/images/thumbnails/485/485/detailed/177/sp-gd0000w061240-day-chuyen-vang-trang-y-18k-pnj-1.png', 19);
INSERT INTO minhphap_jewerly.image (id, path, product_id) VALUES (74, 'https://cdn.pnj.io/images/thumbnails/485/485/detailed/177/sp-gd0000w061240-day-chuyen-vang-trang-y-18k-pnj-2.png', 19);
INSERT INTO minhphap_jewerly.image (id, path, product_id) VALUES (75, 'https://cdn.pnj.io/images/thumbnails/485/485/detailed/177/sp-gd0000w061240-day-chuyen-vang-trang-y-18k-pnj-3.png', 19);
INSERT INTO minhphap_jewerly.image (id, path, product_id) VALUES (76, 'https://cdn.pnj.io/images/thumbnails/485/485/detailed/177/on-gd0000w061240-day-chuyen-vang-trang-y-18k-pnj-1.jpg', 19);
INSERT INTO minhphap_jewerly.image (id, path, product_id) VALUES (77, 'https://cdn.pnj.io/images/thumbnails/485/485/detailed/168/sp-gd0000y060490-day-chuyen-vang-18k-pnj-1.png', 20);
INSERT INTO minhphap_jewerly.image (id, path, product_id) VALUES (78, 'https://cdn.pnj.io/images/thumbnails/485/485/detailed/168/sp-gd0000y060490-day-chuyen-vang-18k-pnj-2.png', 20);
INSERT INTO minhphap_jewerly.image (id, path, product_id) VALUES (79, 'https://cdn.pnj.io/images/thumbnails/485/485/detailed/168/sp-gd0000y060490-day-chuyen-vang-18k-pnj-3.png', 20);
INSERT INTO minhphap_jewerly.image (id, path, product_id) VALUES (80, 'https://cdn.pnj.io/images/thumbnails/485/485/detailed/161/gd0000y060509-Day-chuyen-Vang-18K-PNJ-5.jpg', 20);
INSERT INTO minhphap_jewerly.image (id, path, product_id) VALUES (81, 'https://cdn.pnj.io/images/thumbnails/485/485/detailed/192/sp-sd0000w060104-day-chuyen-bac-y-pnjsilver-1.png', 21);
INSERT INTO minhphap_jewerly.image (id, path, product_id) VALUES (82, 'https://cdn.pnj.io/images/thumbnails/485/485/detailed/192/sp-sd0000w060104-day-chuyen-bac-y-pnjsilver-2.png', 21);
INSERT INTO minhphap_jewerly.image (id, path, product_id) VALUES (83, 'https://cdn.pnj.io/images/thumbnails/485/485/detailed/192/sp-sd0000w060104-day-chuyen-bac-y-pnjsilver-3.png', 21);
INSERT INTO minhphap_jewerly.image (id, path, product_id) VALUES (84, 'https://cdn.pnj.io/images/thumbnails/485/485/detailed/192/on-sd0000w060104-day-chuyen-bac-y-pnjsilver-2.jpg', 21);
INSERT INTO minhphap_jewerly.image (id, path, product_id) VALUES (85, 'https://cdn.pnj.io/images/thumbnails/485/485/detailed/182/sp-SD0000W060094-day-chuyen-bac-pnjsilver-1.png', 22);
INSERT INTO minhphap_jewerly.image (id, path, product_id) VALUES (86, 'https://cdn.pnj.io/images/thumbnails/485/485/detailed/182/sp-SD0000W060094-day-chuyen-bac-pnjsilver-2.png', 22);
INSERT INTO minhphap_jewerly.image (id, path, product_id) VALUES (87, 'https://cdn.pnj.io/images/thumbnails/485/485/detailed/182/sp-SD0000W060094-day-chuyen-bac-pnjsilver-3.png', 22);
INSERT INTO minhphap_jewerly.image (id, path, product_id) VALUES (88, 'https://cdn.pnj.io/images/thumbnails/485/485/detailed/182/on-SD0000W060094-day-chuyen-bac-pnjsilver-1.jpg', 22);
INSERT INTO minhphap_jewerly.image (id, path, product_id) VALUES (89, 'https://cdn.pnj.io/images/thumbnails/485/485/detailed/123/sd0000a060000-day-chuyen-nam-bac-pnjsilver-01.png', 23);
INSERT INTO minhphap_jewerly.image (id, path, product_id) VALUES (90, 'https://cdn.pnj.io/images/thumbnails/485/485/detailed/123/sd0000a060000-day-chuyen-nam-bac-pnjsilver-02.png', 23);
INSERT INTO minhphap_jewerly.image (id, path, product_id) VALUES (91, 'https://cdn.pnj.io/images/thumbnails/485/485/detailed/123/sd0000a060000-day-chuyen-nam-bac-pnjsilver-03.png', 23);
INSERT INTO minhphap_jewerly.image (id, path, product_id) VALUES (92, 'https://cdn.pnj.io/images/thumbnails/485/485/detailed/182/on-SD0000W060094-day-chuyen-bac-pnjsilver-1.jpg', 23);
INSERT INTO minhphap_jewerly.image (id, path, product_id) VALUES (93, 'https://cdn.pnj.io/images/thumbnails/485/485/detailed/125/sd0000w060046-day-chuyen-bac-pnjsilver.png', 24);
INSERT INTO minhphap_jewerly.image (id, path, product_id) VALUES (94, 'https://cdn.pnj.io/images/thumbnails/485/485/detailed/125/sd0000w060046-day-chuyen-bac-pnjsilver-01.png', 24);
INSERT INTO minhphap_jewerly.image (id, path, product_id) VALUES (95, 'https://cdn.pnj.io/images/thumbnails/485/485/detailed/125/sd0000w060046-day-chuyen-bac-pnjsilver-02.png', 24);
INSERT INTO minhphap_jewerly.image (id, path, product_id) VALUES (96, 'https://cdn.pnj.io/images/thumbnails/485/485/detailed/125/sd0000w060046-day-chuyen-bac-pnjsilver-03.jpg', 24);
INSERT INTO minhphap_jewerly.image (id, path, product_id) VALUES (97, 'https://cdn.pnj.io/images/thumbnails/485/485/detailed/166/sd0000w060081-day-chuyen-bac-y-pnjsilver-01.png', 25);
INSERT INTO minhphap_jewerly.image (id, path, product_id) VALUES (98, 'https://cdn.pnj.io/images/thumbnails/485/485/detailed/166/sd0000w060081-day-chuyen-bac-y-pnjsilver-02.png', 25);
INSERT INTO minhphap_jewerly.image (id, path, product_id) VALUES (99, 'https://cdn.pnj.io/images/thumbnails/485/485/detailed/166/sd0000w060081-day-chuyen-bac-y-pnjsilver-03.png', 25);
INSERT INTO minhphap_jewerly.image (id, path, product_id) VALUES (100, 'https://cdn.pnj.io/images/thumbnails/485/485/detailed/166/sd0000w060081-day-chuyen-bac-y-pnjsilver-05.jpg', 25);
INSERT INTO minhphap_jewerly.image (id, path, product_id) VALUES (101, 'https://cdn.pnj.io/images/thumbnails/485/485/detailed/101/pd0000w060009-day-chuyen-bach-kim-pnj-001.png', 26);
INSERT INTO minhphap_jewerly.image (id, path, product_id) VALUES (102, 'https://cdn.pnj.io/images/thumbnails/485/485/detailed/101/pd0000w060009-day-chuyen-bach-kim-pnj.-01.png', 26);
INSERT INTO minhphap_jewerly.image (id, path, product_id) VALUES (103, 'https://cdn.pnj.io/images/thumbnails/485/485/detailed/101/pd0000w060009-day-chuyen-bach-kim-pnj.-03.png', 26);
INSERT INTO minhphap_jewerly.image (id, path, product_id) VALUES (104, 'https://cdn.pnj.io/images/thumbnails/485/485/detailed/101/pd0000w060009-day-chuyen-bach-kim-pnj.-04.jpg', 26);
INSERT INTO minhphap_jewerly.image (id, path, product_id) VALUES (105, 'https://cdn.pnj.io/images/thumbnails/485/485/detailed/101/pd0000w060000-day-chuyen-bach-kim-pnj-001.png', 27);
INSERT INTO minhphap_jewerly.image (id, path, product_id) VALUES (106, 'https://cdn.pnj.io/images/thumbnails/485/485/detailed/100/pd0000w060000-day-chuyen-bach-kim-pnj-01.png', 27);
INSERT INTO minhphap_jewerly.image (id, path, product_id) VALUES (107, 'https://cdn.pnj.io/images/thumbnails/485/485/detailed/100/pd0000w060000-day-chuyen-bach-kim-pnj-02.png', 27);
INSERT INTO minhphap_jewerly.image (id, path, product_id) VALUES (108, 'https://cdn.pnj.io/images/thumbnails/485/485/detailed/100/pd0000w060000-day-chuyen-bach-kim-pnj-03.jpg', 27);
INSERT INTO minhphap_jewerly.image (id, path, product_id) VALUES (109, 'https://cdn.pnj.io/images/thumbnails/485/485/detailed/101/pd0000w060001-day-chuyen-bach-kim-pnj-001.png', 28);
INSERT INTO minhphap_jewerly.image (id, path, product_id) VALUES (110, 'https://cdn.pnj.io/images/thumbnails/485/485/detailed/100/gd0000w060001-day-chuyen-bach-kim-pnj-01.png', 28);
INSERT INTO minhphap_jewerly.image (id, path, product_id) VALUES (111, 'https://cdn.pnj.io/images/thumbnails/485/485/detailed/100/gd0000w060001-day-chuyen-bach-kim-pnj-02.png', 28);
INSERT INTO minhphap_jewerly.image (id, path, product_id) VALUES (112, 'https://cdn.pnj.io/images/thumbnails/485/485/detailed/100/gd0000w060001-day-chuyen-bach-kim-pnj-03.jpg', 28);
INSERT INTO minhphap_jewerly.image (id, path, product_id) VALUES (113, 'https://cdn.pnj.io/images/thumbnails/485/485/detailed/101/pd0000w060007-day-chuyen-bach-kim-pnj-001.png', 29);
INSERT INTO minhphap_jewerly.image (id, path, product_id) VALUES (114, 'https://cdn.pnj.io/images/thumbnails/485/485/detailed/100/pd0000w060007-day-chuyen-bach-kim-pnj-1.png', 29);
INSERT INTO minhphap_jewerly.image (id, path, product_id) VALUES (115, 'https://cdn.pnj.io/images/thumbnails/485/485/detailed/100/pd0000w060007-day-chuyen-bach-kim-pnj-2.png', 29);
INSERT INTO minhphap_jewerly.image (id, path, product_id) VALUES (116, 'https://cdn.pnj.io/images/thumbnails/485/485/detailed/100/pd0000w060007-day-chuyen-bach-kim-pnj-3.jpg', 29);
INSERT INTO minhphap_jewerly.image (id, path, product_id) VALUES (117, 'https://cdn.pnj.io/images/thumbnails/485/485/detailed/161/gd0000w061237-Day-chuyen-Vang-18K-PNJ-1.png', 30);
INSERT INTO minhphap_jewerly.image (id, path, product_id) VALUES (118, 'https://cdn.pnj.io/images/thumbnails/485/485/detailed/161/gd0000w061237-Day-chuyen-Vang-18K-PNJ-2.png', 30);
INSERT INTO minhphap_jewerly.image (id, path, product_id) VALUES (119, 'https://cdn.pnj.io/images/thumbnails/485/485/detailed/161/gd0000w061237-Day-chuyen-Vang-18K-PNJ-3.png', 30);
INSERT INTO minhphap_jewerly.image (id, path, product_id) VALUES (120, 'https://cdn.pnj.io/images/thumbnails/485/485/detailed/161/gd0000w061237-Day-chuyen-Vang-18K-PNJ-5.jpg', 30);
INSERT INTO minhphap_jewerly.image (id, path, product_id) VALUES (121, 'https://cdn.pnj.io/images/thumbnails/485/485/detailed/192/sp-gmddddw002309-mat-day-chuyen-nam-kim-cuong-vang-trang-14k-pnj-1.png', 31);
INSERT INTO minhphap_jewerly.image (id, path, product_id) VALUES (122, 'https://cdn.pnj.io/images/thumbnails/485/485/detailed/192/sp-gmddddw002309-mat-day-chuyen-nam-kim-cuong-vang-trang-14k-pnj-2.png', 31);
INSERT INTO minhphap_jewerly.image (id, path, product_id) VALUES (123, 'https://cdn.pnj.io/images/thumbnails/485/485/detailed/192/sp-gmddddw002309-mat-day-chuyen-nam-kim-cuong-vang-trang-14k-pnj-3.png', 31);
INSERT INTO minhphap_jewerly.image (id, path, product_id) VALUES (124, 'https://cdn.pnj.io/images/thumbnails/485/485/detailed/193/sp-gmddddw060376-mat-day-chuyen-kim-cuong-vang-trang-14k-pnj-1.png', 32);
INSERT INTO minhphap_jewerly.image (id, path, product_id) VALUES (125, 'https://cdn.pnj.io/images/thumbnails/485/485/detailed/193/sp-gmddddw060376-mat-day-chuyen-kim-cuong-vang-trang-14k-pnj-2.png', 32);
INSERT INTO minhphap_jewerly.image (id, path, product_id) VALUES (126, 'https://cdn.pnj.io/images/thumbnails/485/485/detailed/193/sp-gmddddw060376-mat-day-chuyen-kim-cuong-vang-trang-14k-pnj-3.png', 32);
INSERT INTO minhphap_jewerly.image (id, path, product_id) VALUES (127, 'https://cdn.pnj.io/images/thumbnails/485/485/detailed/194/on-gmddddw060376-mat-day-chuyen-kim-cuong-vang-trang-14k-pnj-1.jpg', 32);
INSERT INTO minhphap_jewerly.image (id, path, product_id) VALUES (128, 'https://cdn.pnj.io/images/thumbnails/485/485/detailed/195/sp-gmddddw002500-mat-day-chuyen-kim-cuong-vang-trang-14k-pnj-1.png', 33);
INSERT INTO minhphap_jewerly.image (id, path, product_id) VALUES (129, 'https://cdn.pnj.io/images/thumbnails/485/485/detailed/195/sp-gmddddw002500-mat-day-chuyen-kim-cuong-vang-trang-14k-pnj-2.png', 33);
INSERT INTO minhphap_jewerly.image (id, path, product_id) VALUES (130, 'https://cdn.pnj.io/images/thumbnails/485/485/detailed/195/sp-gmddddw002500-mat-day-chuyen-kim-cuong-vang-trang-14k-pnj-3.png', 33);
INSERT INTO minhphap_jewerly.image (id, path, product_id) VALUES (131, 'https://cdn.pnj.io/images/thumbnails/485/485/detailed/195/on-gmddddw002500-mat-day-chuyen-kim-cuong-vang-trang-14k-pnj-1.jpg', 33);
INSERT INTO minhphap_jewerly.image (id, path, product_id) VALUES (132, 'https://cdn.pnj.io/images/thumbnails/485/485/detailed/194/sp-gmddddw001489-mat-day-chuyen-kim-cuong-vang-trang-14k-pnj-1.png', 34);
INSERT INTO minhphap_jewerly.image (id, path, product_id) VALUES (133, 'https://cdn.pnj.io/images/thumbnails/485/485/detailed/194/sp-gmddddw001489-mat-day-chuyen-kim-cuong-vang-trang-14k-pnj-2.png', 34);
INSERT INTO minhphap_jewerly.image (id, path, product_id) VALUES (134, 'https://cdn.pnj.io/images/thumbnails/485/485/detailed/194/sp-gmddddw001489-mat-day-chuyen-kim-cuong-vang-trang-14k-pnj-3.png', 34);
INSERT INTO minhphap_jewerly.image (id, path, product_id) VALUES (135, 'https://cdn.pnj.io/images/thumbnails/485/485/detailed/194/on-gmddddw001489-mat-day-chuyen-kim-cuong-vang-trang-14k-pnj-4.jpg', 34);
INSERT INTO minhphap_jewerly.image (id, path, product_id) VALUES (136, 'https://cdn.pnj.io/images/thumbnails/485/485/detailed/194/sp-gmpfxmw000295-mat-day-chuyen-vang-trang-14k-dinh-ngoc-trai-freshwater-pnj-1.png', 35);
INSERT INTO minhphap_jewerly.image (id, path, product_id) VALUES (137, 'https://cdn.pnj.io/images/thumbnails/485/485/detailed/194/sp-gmpfxmw000295-mat-day-chuyen-vang-trang-14k-dinh-ngoc-trai-freshwater-pnj-2.png', 35);
INSERT INTO minhphap_jewerly.image (id, path, product_id) VALUES (138, 'https://cdn.pnj.io/images/thumbnails/485/485/detailed/194/sp-gmpfxmw000295-mat-day-chuyen-vang-trang-14k-dinh-ngoc-trai-freshwater-pnj-3.png', 35);
INSERT INTO minhphap_jewerly.image (id, path, product_id) VALUES (139, 'https://cdn.pnj.io/images/thumbnails/485/485/detailed/194/on-gmpfxmw000295-mat-day-chuyen-vang-trang-14k-dinh-ngoc-trai-freshwater-pnj-3.jpg', 35);
INSERT INTO minhphap_jewerly.image (id, path, product_id) VALUES (140, 'https://cdn.pnj.io/images/thumbnails/485/485/detailed/194/sp-smxmxmw060056-mat-day-chuyen-nam-bac-dinh-da-pnjsilver-01.png', 36);
INSERT INTO minhphap_jewerly.image (id, path, product_id) VALUES (141, 'https://cdn.pnj.io/images/thumbnails/485/485/detailed/194/sp-smxmxmw060056-mat-day-chuyen-nam-bac-dinh-da-pnjsilver-02.png', 36);
INSERT INTO minhphap_jewerly.image (id, path, product_id) VALUES (142, 'https://cdn.pnj.io/images/thumbnails/485/485/detailed/194/sp-smxmxmw060056-mat-day-chuyen-nam-bac-dinh-da-pnjsilver-03.png', 36);
INSERT INTO minhphap_jewerly.image (id, path, product_id) VALUES (143, 'https://cdn.pnj.io/images/thumbnails/485/485/detailed/194/on-smxmxmw060056-mat-day-chuyen-nam-bac-dinh-da-pnjsilver-01.jpg', 36);
INSERT INTO minhphap_jewerly.image (id, path, product_id) VALUES (144, 'https://cdn.pnj.io/images/thumbnails/485/485/detailed/158/smxmxmc000020-mat-day-chuyen-bac-dinh-da-pnjsilver-euphoria-1.png', 37);
INSERT INTO minhphap_jewerly.image (id, path, product_id) VALUES (145, 'https://cdn.pnj.io/images/thumbnails/485/485/detailed/158/smxmxmc000020-mat-day-chuyen-bac-dinh-da-pnjsilver-euphoria-2.png', 37);
INSERT INTO minhphap_jewerly.image (id, path, product_id) VALUES (146, 'https://cdn.pnj.io/images/thumbnails/485/485/detailed/158/smxmxmc000020-mat-day-chuyen-bac-dinh-da-pnjsilver-euphoria-3.png', 37);
INSERT INTO minhphap_jewerly.image (id, path, product_id) VALUES (147, 'https://cdn.pnj.io/images/thumbnails/485/485/detailed/158/smxmxmc000020-mat-day-chuyen-bac-dinh-da-pnjsilver-euphoria-4.jpg', 37);
INSERT INTO minhphap_jewerly.image (id, path, product_id) VALUES (148, 'https://cdn.pnj.io/images/thumbnails/485/485/detailed/152/smxmxmw060048-mat-day-chuyen-bac-dinh-da-pnjsilver-1.png', 38);
INSERT INTO minhphap_jewerly.image (id, path, product_id) VALUES (149, 'https://cdn.pnj.io/images/thumbnails/485/485/detailed/152/smxmxmw060048-mat-day-chuyen-bac-dinh-da-pnjsilver-2.png', 38);
INSERT INTO minhphap_jewerly.image (id, path, product_id) VALUES (150, 'https://cdn.pnj.io/images/thumbnails/485/485/detailed/152/smxmxmw060048-mat-day-chuyen-bac-dinh-da-pnjsilver-3.png', 38);
INSERT INTO minhphap_jewerly.image (id, path, product_id) VALUES (151, 'https://cdn.pnj.io/images/thumbnails/485/485/detailed/152/smxmxmw060048-mat-day-chuyen-bac-dinh-da-pnjsilver-4.jpg', 38);
INSERT INTO minhphap_jewerly.image (id, path, product_id) VALUES (152, 'https://cdn.pnj.io/images/thumbnails/485/485/detailed/123/smxmxmw060031-mat-day-chuyen-bac-dinh-da-pnjsilver-hinh-chu-meo-01.gif', 39);
INSERT INTO minhphap_jewerly.image (id, path, product_id) VALUES (153, 'https://cdn.pnj.io/images/thumbnails/485/485/detailed/123/smxmxmw060031-mat-day-chuyen-bac-dinh-da-pnjsilver-hinh-chu-meo-02.png', 39);
INSERT INTO minhphap_jewerly.image (id, path, product_id) VALUES (154, 'https://cdn.pnj.io/images/thumbnails/485/485/detailed/123/smxmxmw060031-mat-day-chuyen-bac-dinh-da-pnjsilver-hinh-chu-meo-03.png', 39);
INSERT INTO minhphap_jewerly.image (id, path, product_id) VALUES (155, 'https://cdn.pnj.io/images/thumbnails/485/485/detailed/123/smxmxmw060031-mat-day-chuyen-bac-dinh-da-pnjsilver-hinh-chu-meo-04.jpg', 39);
INSERT INTO minhphap_jewerly.image (id, path, product_id) VALUES (156, 'https://cdn.pnj.io/images/thumbnails/485/485/detailed/137/smxm00h000029-mat-day-chuyen-tre-em-bac-dinh-da-ecz-disneypnj-1.png', 40);
INSERT INTO minhphap_jewerly.image (id, path, product_id) VALUES (157, 'https://cdn.pnj.io/images/thumbnails/485/485/detailed/137/smxm00h000029-mat-day-chuyen-tre-em-bac-dinh-da-ecz-disneypnj-2.png', 40);
INSERT INTO minhphap_jewerly.image (id, path, product_id) VALUES (158, 'https://cdn.pnj.io/images/thumbnails/485/485/detailed/137/smxm00h000029-mat-day-chuyen-tre-em-bac-dinh-da-ecz-disneypnj-3.png', 40);
INSERT INTO minhphap_jewerly.image (id, path, product_id) VALUES (159, 'https://cdn.pnj.io/images/thumbnails/485/485/detailed/137/smxm00h000029-mat-day-chuyen-tre-em-bac-dinh-da-ecz-disneypnj-4.jpg', 40);
INSERT INTO minhphap_jewerly.image (id, path, product_id) VALUES (160, 'https://cdn.pnj.io/images/thumbnails/485/485/detailed/149/pm0000w060004-mat-day-chuyen-nam-bach-kim-pnj-1.png', 41);
INSERT INTO minhphap_jewerly.image (id, path, product_id) VALUES (161, 'https://cdn.pnj.io/images/thumbnails/485/485/detailed/149/pm0000w060004-mat-day-chuyen-nam-bach-kim-pnj-2.png', 41);
INSERT INTO minhphap_jewerly.image (id, path, product_id) VALUES (162, 'https://cdn.pnj.io/images/thumbnails/485/485/detailed/149/pm0000w060004-mat-day-chuyen-nam-bach-kim-pnj-3.png', 41);
INSERT INTO minhphap_jewerly.image (id, path, product_id) VALUES (163, 'https://cdn.pnj.io/images/thumbnails/485/485/detailed/149/pmdd00w060000-mat-day-chuyen-bach-kim-dinh-kim-cuong-pnj.png', 42);
INSERT INTO minhphap_jewerly.image (id, path, product_id) VALUES (164, 'https://cdn.pnj.io/images/thumbnails/485/485/detailed/149/pmdd00w060000-mat-day-chuyen-bach-kim-dinh-kim-cuong-pnj-01.png', 42);
INSERT INTO minhphap_jewerly.image (id, path, product_id) VALUES (165, 'https://cdn.pnj.io/images/thumbnails/485/485/detailed/149/pmdd00w060000-mat-day-chuyen-bach-kim-dinh-kim-cuong-pnj-02.png', 42);
INSERT INTO minhphap_jewerly.image (id, path, product_id) VALUES (166, 'https://cdn.pnj.io/images/thumbnails/485/485/detailed/149/pmdd00w060000-mat-day-chuyen-bach-kim-dinh-kim-cuong-pnj-03.jpg', 42);
INSERT INTO minhphap_jewerly.image (id, path, product_id) VALUES (167, 'https://cdn.pnj.io/images/thumbnails/485/485/detailed/164/sp-pmddddw060000-mat-day-chuyen-bach-kim-dinh-kim-cuong-pnj-1.png', 43);
INSERT INTO minhphap_jewerly.image (id, path, product_id) VALUES (168, 'https://cdn.pnj.io/images/thumbnails/485/485/detailed/164/sp-pmddddw060000-mat-day-chuyen-bach-kim-dinh-kim-cuong-pnj-2.png', 43);
INSERT INTO minhphap_jewerly.image (id, path, product_id) VALUES (169, 'https://cdn.pnj.io/images/thumbnails/485/485/detailed/164/sp-pmddddw060000-mat-day-chuyen-bach-kim-dinh-kim-cuong-pnj-3.png', 43);
INSERT INTO minhphap_jewerly.image (id, path, product_id) VALUES (170, 'https://cdn.pnj.io/images/thumbnails/485/485/detailed/164/on-pmddddw060000-mat-day-chuyen-bach-kim-dinh-kim-cuong-pnj-4.jpg', 43);
INSERT INTO minhphap_jewerly.image (id, path, product_id) VALUES (171, 'https://cdn.pnj.io/images/thumbnails/485/485/detailed/149/pm0000w060002-mat-day-chuyen-unisex-bach-kim-pnj-1.png', 44);
INSERT INTO minhphap_jewerly.image (id, path, product_id) VALUES (172, 'https://cdn.pnj.io/images/thumbnails/485/485/detailed/149/pm0000w060002-mat-day-chuyen-unisex-bach-kim-pnj-2.png', 44);
INSERT INTO minhphap_jewerly.image (id, path, product_id) VALUES (173, 'https://cdn.pnj.io/images/thumbnails/485/485/detailed/149/pm0000w060002-mat-day-chuyen-unisex-bach-kim-pnj-3.png', 44);
INSERT INTO minhphap_jewerly.image (id, path, product_id) VALUES (174, 'https://cdn.pnj.io/images/thumbnails/485/485/detailed/149/pm0000w060002-mat-day-chuyen-unisex-bach-kim-pnj-4.jpg', 44);
INSERT INTO minhphap_jewerly.image (id, path, product_id) VALUES (175, 'https://cdn.pnj.io/images/thumbnails/485/485/detailed/119/gmddddw000369-mat-day-chuyen-kim-cuong-vang-trang-14k-pnj-1.png', 45);
INSERT INTO minhphap_jewerly.image (id, path, product_id) VALUES (176, 'https://cdn.pnj.io/images/thumbnails/485/485/detailed/119/gmddddw000369-mat-day-chuyen-kim-cuong-vang-trang-14k-pnj-2.png', 45);
INSERT INTO minhphap_jewerly.image (id, path, product_id) VALUES (177, 'https://cdn.pnj.io/images/thumbnails/485/485/detailed/119/gmddddw000369-mat-day-chuyen-kim-cuong-vang-trang-14k-pnj-3.png', 45);
INSERT INTO minhphap_jewerly.image (id, path, product_id) VALUES (178, 'https://cdn.pnj.io/images/thumbnails/485/485/detailed/119/gmddddw000369-mat-day-chuyen-kim-cuong-vang-trang-14k-pnj-4.jpg', 45);
INSERT INTO minhphap_jewerly.image (id, path, product_id) VALUES (179, 'https://cdn.pnj.io/images/thumbnails/485/485/detailed/193/sp-gbxmxmy006144-bong-tai-vang-14k-dinh-da-cz-pnj-01.png', 46);
INSERT INTO minhphap_jewerly.image (id, path, product_id) VALUES (180, 'https://cdn.pnj.io/images/thumbnails/485/485/detailed/193/sp-gbxmxmy006144-bong-tai-vang-14k-dinh-da-cz-pnj-02.png', 46);
INSERT INTO minhphap_jewerly.image (id, path, product_id) VALUES (181, 'https://cdn.pnj.io/images/thumbnails/485/485/detailed/193/on-gbxmxmy006144-bong-tai-vang-14k-dinh-da-cz-pnj-03.jpg', 46);
INSERT INTO minhphap_jewerly.image (id, path, product_id) VALUES (182, 'https://cdn.pnj.io/images/thumbnails/485/485/detailed/193/on-gbxmxmy006144-bong-tai-vang-14k-dinh-da-cz-pnj-04.jpg', 46);
INSERT INTO minhphap_jewerly.image (id, path, product_id) VALUES (183, 'https://cdn.pnj.io/images/thumbnails/485/485/detailed/195/sp-gbxmxmy006142-bong-tai-vang-14k-dinh-da-cz-pnj-1.png', 47);
INSERT INTO minhphap_jewerly.image (id, path, product_id) VALUES (184, 'https://cdn.pnj.io/images/thumbnails/485/485/detailed/195/sp-gbxmxmy006142-bong-tai-vang-14k-dinh-da-cz-pnj-2.png', 47);
INSERT INTO minhphap_jewerly.image (id, path, product_id) VALUES (185, 'https://cdn.pnj.io/images/thumbnails/485/485/detailed/195/on-gbxmxmy006142-bong-tai-vang-14k-dinh-da-cz-pnj-1.jpg', 47);
INSERT INTO minhphap_jewerly.image (id, path, product_id) VALUES (186, 'https://cdn.pnj.io/images/thumbnails/485/485/detailed/195/on-gbxmxmy006142-bong-tai-vang-14k-dinh-da-cz-pnj-2.jpg', 47);
INSERT INTO minhphap_jewerly.image (id, path, product_id) VALUES (187, 'https://cdn.pnj.io/images/thumbnails/485/485/detailed/193/sp-gb0000y002749-bong-tai-vang-18k-pnj-1.png', 48);
INSERT INTO minhphap_jewerly.image (id, path, product_id) VALUES (188, 'https://cdn.pnj.io/images/thumbnails/485/485/detailed/193/sp-gb0000y002749-bong-tai-vang-18k-pnj-2.png', 48);
INSERT INTO minhphap_jewerly.image (id, path, product_id) VALUES (189, 'https://cdn.pnj.io/images/thumbnails/485/485/detailed/194/on-gb0000y002749-bong-tai-vang-18k-pnj-4.jpg', 48);
INSERT INTO minhphap_jewerly.image (id, path, product_id) VALUES (190, 'https://cdn.pnj.io/images/thumbnails/485/485/detailed/194/on-gb0000y002749-bong-tai-vang-18k-pnj-6.jpg', 48);
INSERT INTO minhphap_jewerly.image (id, path, product_id) VALUES (191, 'https://cdn.pnj.io/images/thumbnails/485/485/detailed/192/sp-gbddddw060344-bong-tai-kim-cuong-vang-trang-14k-pnj-1.png', 49);
INSERT INTO minhphap_jewerly.image (id, path, product_id) VALUES (192, 'https://cdn.pnj.io/images/thumbnails/485/485/detailed/192/sp-gbddddw060344-bong-tai-kim-cuong-vang-trang-14k-pnj-2.png', 49);
INSERT INTO minhphap_jewerly.image (id, path, product_id) VALUES (193, 'https://cdn.pnj.io/images/thumbnails/485/485/detailed/192/on-gbddddw060344-bong-tai-kim-cuong-vang-trang-14k-pnj-1.jpg', 49);
INSERT INTO minhphap_jewerly.image (id, path, product_id) VALUES (194, 'https://cdn.pnj.io/images/thumbnails/485/485/detailed/192/on-gbddddw060344-bong-tai-kim-cuong-vang-trang-14k-pnj-2.jpg', 49);
INSERT INTO minhphap_jewerly.image (id, path, product_id) VALUES (195, 'https://cdn.pnj.io/images/thumbnails/485/485/detailed/195/sp-gbtpmxw000018-bong-tai-vang-trang-14k-dinh-da-topaz-pnj-audax-rosa-1.png', 50);
INSERT INTO minhphap_jewerly.image (id, path, product_id) VALUES (196, 'https://cdn.pnj.io/images/thumbnails/485/485/detailed/195/sp-gbtpmxw000018-bong-tai-vang-trang-14k-dinh-da-topaz-pnj-audax-rosa-2.png', 50);
INSERT INTO minhphap_jewerly.image (id, path, product_id) VALUES (197, 'https://cdn.pnj.io/images/thumbnails/485/485/detailed/195/on-gbtpmxw000018-bong-tai-vang-trang-14k-dinh-da-topaz-pnj-audax-rosa-1.jpg', 50);
INSERT INTO minhphap_jewerly.image (id, path, product_id) VALUES (198, 'https://cdn.pnj.io/images/thumbnails/485/485/detailed/195/on-gbtpmxw000018-bong-tai-vang-trang-14k-dinh-da-topaz-pnj-audax-rosa-2.jpg', 50);
INSERT INTO minhphap_jewerly.image (id, path, product_id) VALUES (199, 'https://cdn.pnj.io/images/thumbnails/485/485/detailed/193/sp-sbxm00w000052-bong-tai-bac-dinh-da-style-by-pnj-1.png', 51);
INSERT INTO minhphap_jewerly.image (id, path, product_id) VALUES (200, 'https://cdn.pnj.io/images/thumbnails/485/485/detailed/193/sp-sbxm00w000052-bong-tai-bac-dinh-da-style-by-pnj-2.png', 51);
INSERT INTO minhphap_jewerly.image (id, path, product_id) VALUES (201, 'https://cdn.pnj.io/images/thumbnails/485/485/detailed/193/on-sbxm00w000052-bong-tai-bac-dinh-da-style-by-pnj-1.jpg', 51);
INSERT INTO minhphap_jewerly.image (id, path, product_id) VALUES (202, 'https://cdn.pnj.io/images/thumbnails/485/485/detailed/193/on-sbxm00w000052-bong-tai-bac-dinh-da-style-by-pnj-2.jpg', 51);
INSERT INTO minhphap_jewerly.image (id, path, product_id) VALUES (203, 'https://cdn.pnj.io/images/thumbnails/485/485/detailed/192/sp-sbxmxmw000074-bong-tai-bac-dinh-da-style-by-pnj-barcode-1.png', 52);
INSERT INTO minhphap_jewerly.image (id, path, product_id) VALUES (204, 'https://cdn.pnj.io/images/thumbnails/485/485/detailed/192/sp-sbxmxmw000074-bong-tai-bac-dinh-da-style-by-pnj-barcode-2.png', 52);
INSERT INTO minhphap_jewerly.image (id, path, product_id) VALUES (205, 'https://cdn.pnj.io/images/thumbnails/485/485/detailed/192/on-sbxmxmw000074-bong-tai-bac-dinh-da-style-by-pnj-barcode-2.jpg', 52);
INSERT INTO minhphap_jewerly.image (id, path, product_id) VALUES (206, 'https://cdn.pnj.io/images/thumbnails/485/485/detailed/192/on-sbxmxmw000074-bong-tai-bac-dinh-da-style-by-pnj-barcode-3.jpg', 52);
INSERT INTO minhphap_jewerly.image (id, path, product_id) VALUES (207, 'https://cdn.pnj.io/images/thumbnails/485/485/detailed/183/sp-SBXMXMW060196-bong-tai-bac-dinh-da-pnjsilver-1.png', 53);
INSERT INTO minhphap_jewerly.image (id, path, product_id) VALUES (208, 'https://cdn.pnj.io/images/thumbnails/485/485/detailed/183/sp-SBXMXMW060196-bong-tai-bac-dinh-da-pnjsilver-2.png', 53);
INSERT INTO minhphap_jewerly.image (id, path, product_id) VALUES (209, 'https://cdn.pnj.io/images/thumbnails/485/485/detailed/183/on-SBXMXMW060196-bong-tai-bac-dinh-da-pnjsilver-1.jpg', 53);
INSERT INTO minhphap_jewerly.image (id, path, product_id) VALUES (210, 'https://cdn.pnj.io/images/thumbnails/485/485/detailed/183/on-SBXMXMW060196-bong-tai-bac-dinh-da-pnjsilver-2.jpg', 53);
INSERT INTO minhphap_jewerly.image (id, path, product_id) VALUES (211, 'https://cdn.pnj.io/images/thumbnails/485/485/detailed/175/sp-sbpf00w000024-bong-tai-bac-dinh-pnjsilver-1.png', 54);
INSERT INTO minhphap_jewerly.image (id, path, product_id) VALUES (212, 'https://cdn.pnj.io/images/thumbnails/485/485/detailed/175/sp-sbpf00w000024-bong-tai-bac-dinh-pnjsilver-2.png', 54);
INSERT INTO minhphap_jewerly.image (id, path, product_id) VALUES (213, 'https://cdn.pnj.io/images/thumbnails/485/485/detailed/175/on-sbpf00w000024-bong-tai-bac-dinh-pnjsilver-1.jpg', 54);
INSERT INTO minhphap_jewerly.image (id, path, product_id) VALUES (214, 'https://cdn.pnj.io/images/thumbnails/485/485/detailed/175/on-sbpf00w000024-bong-tai-bac-dinh-pnjsilver-2.jpg', 54);
INSERT INTO minhphap_jewerly.image (id, path, product_id) VALUES (215, 'https://cdn.pnj.io/images/thumbnails/485/485/detailed/171/sp-sb0000n060001-bong-tai-bac-style-by-pnj-unisex-1.png', 55);
INSERT INTO minhphap_jewerly.image (id, path, product_id) VALUES (216, 'https://cdn.pnj.io/images/thumbnails/485/485/detailed/171/sp-sb0000n060001-bong-tai-bac-style-by-pnj-unisex-2.png', 55);
INSERT INTO minhphap_jewerly.image (id, path, product_id) VALUES (217, 'https://cdn.pnj.io/images/thumbnails/485/485/detailed/171/on-sb0000n060001-bong-tai-bac-style-by-pnj-unisex-2.jpg', 55);
INSERT INTO minhphap_jewerly.image (id, path, product_id) VALUES (218, 'https://cdn.pnj.io/images/thumbnails/485/485/detailed/171/on-sb0000n060001-bong-tai-bac-style-by-pnj-unisex-3.jpg', 55);
INSERT INTO minhphap_jewerly.image (id, path, product_id) VALUES (219, 'https://cdn.pnj.io/images/thumbnails/485/485/detailed/149/pbdd00w060000-bong-tai-bach-kim-dinh-kim-cuong-pnj.png', 56);
INSERT INTO minhphap_jewerly.image (id, path, product_id) VALUES (220, 'https://cdn.pnj.io/images/thumbnails/485/485/detailed/149/pbdd00w060000-bong-tai-bach-kim-dinh-kim-cuong-pnj-01.png', 56);
INSERT INTO minhphap_jewerly.image (id, path, product_id) VALUES (221, 'https://cdn.pnj.io/images/thumbnails/485/485/detailed/149/pbdd00w060000-bong-tai-bach-kim-dinh-kim-cuong-pnj-02.jpg', 56);
INSERT INTO minhphap_jewerly.image (id, path, product_id) VALUES (222, 'https://cdn.pnj.io/images/thumbnails/485/485/detailed/149/pbdd00w060000-bong-tai-bach-kim-dinh-kim-cuong-pnj-04.jpg', 56);
INSERT INTO minhphap_jewerly.image (id, path, product_id) VALUES (223, 'https://cdn.pnj.io/images/thumbnails/485/485/detailed/164/sp-pbdd00w060002-bong-tai-bach-kim-dinh-kim-cuong-pnj-1.png', 57);
INSERT INTO minhphap_jewerly.image (id, path, product_id) VALUES (224, 'https://cdn.pnj.io/images/thumbnails/485/485/detailed/164/sp-pbdd00w060002-bong-tai-bach-kim-dinh-kim-cuong-pnj-2.png', 57);
INSERT INTO minhphap_jewerly.image (id, path, product_id) VALUES (225, 'https://cdn.pnj.io/images/thumbnails/485/485/detailed/164/on-pbdd00w060002-bong-tai-bach-kim-dinh-kim-cuong-pnj-3.jpg', 57);
INSERT INTO minhphap_jewerly.image (id, path, product_id) VALUES (226, 'https://cdn.pnj.io/images/thumbnails/485/485/detailed/164/on-pbdd00w060002-bong-tai-bach-kim-dinh-kim-cuong-pnj-4.jpg', 57);
INSERT INTO minhphap_jewerly.image (id, path, product_id) VALUES (227, 'https://cdn.pnj.io/images/thumbnails/485/485/detailed/167/sp-pbdd00w060003-bong-tai-kim-cuong-bach-kim-pnj-1.png', 58);
INSERT INTO minhphap_jewerly.image (id, path, product_id) VALUES (228, 'https://cdn.pnj.io/images/thumbnails/485/485/detailed/167/sp-pbdd00w060003-bong-tai-kim-cuong-bach-kim-pnj-2.png', 58);
INSERT INTO minhphap_jewerly.image (id, path, product_id) VALUES (229, 'https://cdn.pnj.io/images/thumbnails/485/485/detailed/167/on-pbdd00w060003-bong-tai-kim-cuong-bach-kim-pnj-1.jpg', 58);
INSERT INTO minhphap_jewerly.image (id, path, product_id) VALUES (230, 'https://cdn.pnj.io/images/thumbnails/485/485/detailed/167/on-pbdd00w060003-bong-tai-kim-cuong-bach-kim-pnj-2.jpg', 58);
INSERT INTO minhphap_jewerly.image (id, path, product_id) VALUES (231, 'https://cdn.pnj.io/images/thumbnails/485/485/detailed/144/gb0000w000172-bong-tai-vang-trang-y-18k-pnj-_1.png', 59);
INSERT INTO minhphap_jewerly.image (id, path, product_id) VALUES (232, 'https://cdn.pnj.io/images/thumbnails/485/485/detailed/144/gb0000w000172-bong-tai-vang-trang-y-18k-pnj-_2.png', 59);
INSERT INTO minhphap_jewerly.image (id, path, product_id) VALUES (233, 'https://cdn.pnj.io/images/thumbnails/485/485/detailed/144/gb0000w000172-bong-tai-vang-trang-y-18k-pnj-_3.jpg', 59);
INSERT INTO minhphap_jewerly.image (id, path, product_id) VALUES (234, 'https://cdn.pnj.io/images/thumbnails/485/485/detailed/144/gb0000w000172-bong-tai-vang-trang-y-18k-pnj-_4.jpg', 59);
INSERT INTO minhphap_jewerly.image (id, path, product_id) VALUES (235, 'https://cdn.pnj.io/images/thumbnails/485/485/detailed/38/gbxm00w000307-bong-tai-vang-trang-y-18k-dinh-da-cz-pnj-01-4001.png', 60);
INSERT INTO minhphap_jewerly.image (id, path, product_id) VALUES (236, 'https://cdn.pnj.io/images/thumbnails/485/485/detailed/38/gbxm00w000307-bong-tai-vang-trang-y-18k-dinh-da-cz-pnj-01-4002.png', 60);
INSERT INTO minhphap_jewerly.image (id, path, product_id) VALUES (237, 'https://cdn.pnj.io/images/thumbnails/485/485/detailed/38/gbxm00w000307-bong-tai-vang-trang-y-18k-dinh-da-cz-pnj-04-4003.jpg', 60);
INSERT INTO minhphap_jewerly.image (id, path, product_id) VALUES (238, 'https://cdn.pnj.io/images/thumbnails/485/485/detailed/137/gl0000w060915-lac-chan-vang-trang-y-18k-pnj-1.png', 61);
INSERT INTO minhphap_jewerly.image (id, path, product_id) VALUES (239, 'https://cdn.pnj.io/images/thumbnails/485/485/detailed/137/gl0000w060915-lac-chan-vang-trang-y-18k-pnj-2.png', 61);
INSERT INTO minhphap_jewerly.image (id, path, product_id) VALUES (240, 'https://cdn.pnj.io/images/thumbnails/485/485/detailed/140/gl0000w060915-lac-chan-vang-trang-y-18k-pnj-3.jpg', 61);
INSERT INTO minhphap_jewerly.image (id, path, product_id) VALUES (241, 'https://cdn.pnj.io/images/thumbnails/485/485/detailed/140/gl0000w060915-lac-chan-vang-trang-y-18k-pnj-4.jpg', 61);
INSERT INTO minhphap_jewerly.image (id, path, product_id) VALUES (242, 'https://cdn.pnj.io/images/thumbnails/485/485/detailed/135/gl0000y001883-lac-tay-vang-18k-pnj-1.png', 62);
INSERT INTO minhphap_jewerly.image (id, path, product_id) VALUES (243, 'https://cdn.pnj.io/images/thumbnails/485/485/detailed/135/gl0000y001883-lac-tay-vang-18k-pnj-2.png', 62);
INSERT INTO minhphap_jewerly.image (id, path, product_id) VALUES (244, 'https://cdn.pnj.io/images/thumbnails/485/485/detailed/135/gl0000y001883-lac-tay-vang-18k-pnj-3.png', 62);
INSERT INTO minhphap_jewerly.image (id, path, product_id) VALUES (245, 'https://cdn.pnj.io/images/thumbnails/485/485/detailed/135/gl0000y001883-lac-tay-vang-18k-pnj-4.jpg', 62);
INSERT INTO minhphap_jewerly.image (id, path, product_id) VALUES (246, 'https://cdn.pnj.io/images/thumbnails/485/485/detailed/124/gl0000w000584-lac-tay-vang-trang-y-18k-pnj-1.png', 63);
INSERT INTO minhphap_jewerly.image (id, path, product_id) VALUES (247, 'https://cdn.pnj.io/images/thumbnails/485/485/detailed/124/gl0000w000584-lac-tay-vang-trang-y-18k-pnj-2.png', 63);
INSERT INTO minhphap_jewerly.image (id, path, product_id) VALUES (248, 'https://cdn.pnj.io/images/thumbnails/485/485/detailed/124/gl0000w000584-lac-tay-vang-trang-y-18k-pnj-3.jpg', 63);
INSERT INTO minhphap_jewerly.image (id, path, product_id) VALUES (249, 'https://cdn.pnj.io/images/thumbnails/485/485/detailed/124/gl0000w000584-lac-tay-vang-trang-y-18k-pnj-4.jpg', 63);
INSERT INTO minhphap_jewerly.image (id, path, product_id) VALUES (250, 'https://cdn.pnj.io/images/thumbnails/485/485/detailed/131/gl0000w000652-lac-chan-vang-trang-18k-pnj-1.png', 64);
INSERT INTO minhphap_jewerly.image (id, path, product_id) VALUES (251, 'https://cdn.pnj.io/images/thumbnails/485/485/detailed/131/gl0000w000652-lac-chan-vang-trang-18k-pnj-2.png', 64);
INSERT INTO minhphap_jewerly.image (id, path, product_id) VALUES (252, 'https://cdn.pnj.io/images/thumbnails/485/485/detailed/131/gl0000w000652-lac-chan-vang-trang-18k-pnj-3.png', 64);
INSERT INTO minhphap_jewerly.image (id, path, product_id) VALUES (253, 'https://cdn.pnj.io/images/thumbnails/485/485/detailed/131/gl0000w000652-lac-chan-vang-trang-18k-pnj-4.jpg', 64);
INSERT INTO minhphap_jewerly.image (id, path, product_id) VALUES (254, 'https://cdn.pnj.io/images/thumbnails/485/485/detailed/125/glxm00w000245-lac-tay-vang-trang-10k-dinh-da-ecz-pnj-trinh-collection-01.png', 65);
INSERT INTO minhphap_jewerly.image (id, path, product_id) VALUES (255, 'https://cdn.pnj.io/images/thumbnails/485/485/detailed/132/GLXM00W000245-2.png', 65);
INSERT INTO minhphap_jewerly.image (id, path, product_id) VALUES (256, 'https://cdn.pnj.io/images/thumbnails/485/485/detailed/132/GLXM00W000245-4.jpg', 65);
INSERT INTO minhphap_jewerly.image (id, path, product_id) VALUES (257, 'https://cdn.pnj.io/images/thumbnails/485/485/detailed/132/GLXM00W000245-5.jpg', 65);
INSERT INTO minhphap_jewerly.image (id, path, product_id) VALUES (258, 'https://cdn.pnj.io/images/thumbnails/485/485/detailed/130/slxmxmw060038-lac-tay-bac-style-by-pnj-general-01.png', 66);
INSERT INTO minhphap_jewerly.image (id, path, product_id) VALUES (259, 'https://cdn.pnj.io/images/thumbnails/485/485/detailed/130/slxmxmw060038-lac-tay-bac-style-by-pnj-general-02.png', 66);
INSERT INTO minhphap_jewerly.image (id, path, product_id) VALUES (260, 'https://cdn.pnj.io/images/thumbnails/485/485/detailed/130/slxmxmw060038-lac-tay-bac-style-by-pnj-general-04.jpg', 66);
INSERT INTO minhphap_jewerly.image (id, path, product_id) VALUES (261, 'https://cdn.pnj.io/images/thumbnails/485/485/detailed/130/slxmxmw060038-lac-tay-bac-style-by-pnj-general-05.jpg', 66);
INSERT INTO minhphap_jewerly.image (id, path, product_id) VALUES (262, 'https://cdn.pnj.io/images/thumbnails/485/485/detailed/131/slxmxmx000003-lac-tay-bac-dinh-da-pnjsilver-01.png', 67);
INSERT INTO minhphap_jewerly.image (id, path, product_id) VALUES (263, 'https://cdn.pnj.io/images/thumbnails/485/485/detailed/131/slxmxmx000003-lac-tay-bac-dinh-da-pnjsilver-02.png', 67);
INSERT INTO minhphap_jewerly.image (id, path, product_id) VALUES (264, 'https://cdn.pnj.io/images/thumbnails/485/485/detailed/131/slxmxmx000003-lac-tay-bac-dinh-da-pnjsilver-03.png', 67);
INSERT INTO minhphap_jewerly.image (id, path, product_id) VALUES (265, 'https://cdn.pnj.io/images/thumbnails/485/485/detailed/131/slxmxmx000003-lac-tay-bac-dinh-da-pnjsilver-04.jpg', 67);
INSERT INTO minhphap_jewerly.image (id, path, product_id) VALUES (266, 'https://cdn.pnj.io/images/thumbnails/485/485/detailed/119/slnh00w000003-lac-tay-bac-style-by-pnj-feminine-01.png', 68);
INSERT INTO minhphap_jewerly.image (id, path, product_id) VALUES (267, 'https://cdn.pnj.io/images/thumbnails/485/485/detailed/119/slnh00w000003-lac-tay-bac-style-by-pnj-feminine-02.png', 68);
INSERT INTO minhphap_jewerly.image (id, path, product_id) VALUES (268, 'https://cdn.pnj.io/images/thumbnails/485/485/detailed/119/slnh00w000003-lac-tay-bac-style-by-pnj-feminine-04.jpg', 68);
INSERT INTO minhphap_jewerly.image (id, path, product_id) VALUES (269, 'https://cdn.pnj.io/images/thumbnails/485/485/detailed/119/slnh00w000003-lac-tay-bac-style-by-pnj-feminine-05.jpg', 68);
INSERT INTO minhphap_jewerly.image (id, path, product_id) VALUES (270, 'https://cdn.pnj.io/images/thumbnails/485/485/detailed/117/sl0000w000030-lac-tay-bac-y-pnjsilver-01.png', 69);
INSERT INTO minhphap_jewerly.image (id, path, product_id) VALUES (271, 'https://cdn.pnj.io/images/thumbnails/485/485/detailed/117/sl0000w000030-lac-tay-bac-y-pnjsilver-02.png', 69);
INSERT INTO minhphap_jewerly.image (id, path, product_id) VALUES (272, 'https://cdn.pnj.io/images/thumbnails/485/485/detailed/117/sl0000w000030-lac-tay-bac-y-pnjsilver-03.jpg', 69);
INSERT INTO minhphap_jewerly.image (id, path, product_id) VALUES (273, 'https://cdn.pnj.io/images/thumbnails/485/485/detailed/117/sl0000w000030-lac-tay-bac-y-pnjsilver-04.jpg', 69);
INSERT INTO minhphap_jewerly.image (id, path, product_id) VALUES (274, 'https://cdn.pnj.io/images/thumbnails/485/485/detailed/127/sl0000w000045-lac-tay-bac-pnjsilver-01.png', 70);
INSERT INTO minhphap_jewerly.image (id, path, product_id) VALUES (275, 'https://cdn.pnj.io/images/thumbnails/485/485/detailed/113/sl0000w000045-lac-tay-bac-pnjsilver-02.png', 70);
INSERT INTO minhphap_jewerly.image (id, path, product_id) VALUES (276, 'https://cdn.pnj.io/images/thumbnails/485/485/detailed/138/sl0000w000045-lac-tay-bac-pnjsilver-01.jpg', 70);
INSERT INTO minhphap_jewerly.image (id, path, product_id) VALUES (277, 'https://cdn.pnj.io/images/thumbnails/485/485/detailed/138/sl0000w000045-lac-tay-bac-pnjsilver-02.jpg', 70);
INSERT INTO minhphap_jewerly.image (id, path, product_id) VALUES (278, 'https://cdn.pnj.io/images/thumbnails/485/485/detailed/149/pldd00w060000-lac-tay-bach-kim-dinh-kim-cuong-pnj-hinh-thanh-gia.png', 71);
INSERT INTO minhphap_jewerly.image (id, path, product_id) VALUES (279, 'https://cdn.pnj.io/images/thumbnails/485/485/detailed/149/pldd00w060000-lac-tay-bach-kim-dinh-kim-cuong-pnj-hinh-thanh-gia-01.png', 71);
INSERT INTO minhphap_jewerly.image (id, path, product_id) VALUES (280, 'https://cdn.pnj.io/images/thumbnails/485/485/detailed/149/pldd00w060000-lac-tay-bach-kim-dinh-kim-cuong-pnj-hinh-thanh-gia-02.jpg', 71);
INSERT INTO minhphap_jewerly.image (id, path, product_id) VALUES (281, 'https://cdn.pnj.io/images/thumbnails/485/485/detailed/149/pldd00w060000-lac-tay-bach-kim-dinh-kim-cuong-pnj-hinh-thanh-gia-03.jpg', 71);
INSERT INTO minhphap_jewerly.image (id, path, product_id) VALUES (282, 'https://cdn.pnj.io/images/thumbnails/485/485/detailed/130/glxmxmc000108-lac-tay-vang-10k-dinh-da-ecz-pnj-1.png', 72);
INSERT INTO minhphap_jewerly.image (id, path, product_id) VALUES (283, 'https://cdn.pnj.io/images/thumbnails/485/485/detailed/130/glxmxmc000108-lac-tay-vang-10k-dinh-da-ecz-pnj-2.png', 72);
INSERT INTO minhphap_jewerly.image (id, path, product_id) VALUES (284, 'https://cdn.pnj.io/images/thumbnails/485/485/detailed/130/glxmxmc000108-lac-tay-vang-10k-dinh-da-ecz-pnj-3.jpg', 72);
INSERT INTO minhphap_jewerly.image (id, path, product_id) VALUES (285, 'https://cdn.pnj.io/images/thumbnails/485/485/detailed/130/glxmxmc000108-lac-tay-vang-10k-dinh-da-ecz-pnj-4.jpg', 72);
INSERT INTO minhphap_jewerly.image (id, path, product_id) VALUES (286, 'https://cdn.pnj.io/images/thumbnails/485/485/detailed/113/gl00ddw000047-vo-lac-kim-cuong-vang-trang-18k-pnj-01.png', 73);
INSERT INTO minhphap_jewerly.image (id, path, product_id) VALUES (287, 'https://cdn.pnj.io/images/thumbnails/485/485/detailed/113/gl00ddw000047-vo-lac-kim-cuong-vang-trang-18k-pnj-02.png', 73);
INSERT INTO minhphap_jewerly.image (id, path, product_id) VALUES (288, 'https://cdn.pnj.io/images/thumbnails/485/485/detailed/113/gl00ddw000047-vo-lac-kim-cuong-vang-trang-18k-pnj-03.png', 73);
INSERT INTO minhphap_jewerly.image (id, path, product_id) VALUES (289, 'https://cdn.pnj.io/images/thumbnails/485/485/detailed/113/gl00ddw000047-vo-lac-kim-cuong-vang-trang-18k-pnj-04.jpg', 73);
INSERT INTO minhphap_jewerly.image (id, path, product_id) VALUES (290, 'https://cdn.pnj.io/images/thumbnails/485/485/detailed/192/sp-gl00ddw000092-vo-lac-tay-kim-cuong-vang-trang-18k-pnj.png', 74);
INSERT INTO minhphap_jewerly.image (id, path, product_id) VALUES (291, 'https://cdn.pnj.io/images/thumbnails/485/485/detailed/192/sp-gl00ddw000092-vo-lac-tay-kim-cuong-vang-trang-18k-pnj-01.png', 74);
INSERT INTO minhphap_jewerly.image (id, path, product_id) VALUES (292, 'https://cdn.pnj.io/images/thumbnails/485/485/detailed/192/sp-gl00ddw000092-vo-lac-tay-kim-cuong-vang-trang-18k-pnj-02.png', 74);
INSERT INTO minhphap_jewerly.image (id, path, product_id) VALUES (293, 'https://cdn.pnj.io/images/thumbnails/485/485/detailed/192/on-gl00ddw000092-vo-lac-tay-kim-cuong-vang-trang-18k-pnj.jpg', 74);
INSERT INTO minhphap_jewerly.image (id, path, product_id) VALUES (294, 'https://cdn.pnj.io/images/thumbnails/485/485/detailed/86/gv0000w000391-vong-tay-vang-trang-y-18k-pnj.png', 75);
INSERT INTO minhphap_jewerly.image (id, path, product_id) VALUES (295, 'https://cdn.pnj.io/images/thumbnails/485/485/detailed/86/gv0000w000391-vong-tay-vang-trang-y-18k-pnj-1.png', 75);
INSERT INTO minhphap_jewerly.image (id, path, product_id) VALUES (296, 'https://cdn.pnj.io/images/thumbnails/485/485/detailed/86/gv0000w000391-vong-tay-vang-trang-y-18k-pnj-2.png', 75);
INSERT INTO minhphap_jewerly.image (id, path, product_id) VALUES (297, 'https://cdn.pnj.io/images/thumbnails/485/485/detailed/86/gv0000w000391-vong-tay-vang-trang-y-18k-pnj-3.jpg', 75);
INSERT INTO minhphap_jewerly.image (id, path, product_id) VALUES (298, 'https://cdn.pnj.io/images/thumbnails/485/485/detailed/193/sp-gvxmxmy003365-vong-tay-vang-10k-dinh-da-ecz-pnj-1.png', 76);
INSERT INTO minhphap_jewerly.image (id, path, product_id) VALUES (299, 'https://cdn.pnj.io/images/thumbnails/485/485/detailed/193/sp-gvxmxmy003365-vong-tay-vang-10k-dinh-da-ecz-pnj-2.png', 76);
INSERT INTO minhphap_jewerly.image (id, path, product_id) VALUES (300, 'https://cdn.pnj.io/images/thumbnails/485/485/detailed/193/on-gvxmxmy003365-vong-tay-vang-10k-dinh-da-ecz-pnj-1.jpg', 76);
INSERT INTO minhphap_jewerly.image (id, path, product_id) VALUES (301, 'https://cdn.pnj.io/images/thumbnails/485/485/detailed/193/on-gvxmxmy003365-vong-tay-vang-10k-dinh-da-ecz-pnj-2.jpg', 76);
INSERT INTO minhphap_jewerly.image (id, path, product_id) VALUES (302, 'https://cdn.pnj.io/images/thumbnails/485/485/detailed/193/sp-gvxmxmw001199-vong-tay-vang-trang-10k-dinh-da-ecz-pnj-1.png', 77);
INSERT INTO minhphap_jewerly.image (id, path, product_id) VALUES (303, 'https://cdn.pnj.io/images/thumbnails/485/485/detailed/193/sp-gvxmxmw001199-vong-tay-vang-trang-10k-dinh-da-ecz-pnj-2.png', 77);
INSERT INTO minhphap_jewerly.image (id, path, product_id) VALUES (304, 'https://cdn.pnj.io/images/thumbnails/485/485/detailed/193/on-gvxmxmw001199-vong-tay-vang-trang-10k-dinh-da-ecz-pnj-1.jpg', 77);
INSERT INTO minhphap_jewerly.image (id, path, product_id) VALUES (305, 'https://cdn.pnj.io/images/thumbnails/485/485/detailed/193/on-gvxmxmw001199-vong-tay-vang-trang-10k-dinh-da-ecz-pnj-2.jpg', 77);
INSERT INTO minhphap_jewerly.image (id, path, product_id) VALUES (306, 'https://cdn.pnj.io/images/thumbnails/485/485/detailed/190/sp-gvxmxmc000285-vong-tay-vang-10k-dinh-da-ecz-pnj-audax-rosa-1.png', 78);
INSERT INTO minhphap_jewerly.image (id, path, product_id) VALUES (307, 'https://cdn.pnj.io/images/thumbnails/485/485/detailed/190/sp-gvxmxmc000285-vong-tay-vang-10k-dinh-da-ecz-pnj-audax-rosa-2.png', 78);
INSERT INTO minhphap_jewerly.image (id, path, product_id) VALUES (308, 'https://cdn.pnj.io/images/thumbnails/485/485/detailed/190/on-gvxmxmc000285-vong-tay-vang-10k-dinh-da-ecz-pnj-audax-rosa-1.jpg', 78);
INSERT INTO minhphap_jewerly.image (id, path, product_id) VALUES (309, 'https://cdn.pnj.io/images/thumbnails/485/485/detailed/190/on-gvxmxmc000285-vong-tay-vang-10k-dinh-da-ecz-pnj-audax-rosa-2.jpg', 78);
INSERT INTO minhphap_jewerly.image (id, path, product_id) VALUES (310, 'https://cdn.pnj.io/images/thumbnails/485/485/detailed/182/sp-GVPFXMC000009-vong-tay-vang-14k-dinh-ngoc-trai-freshwater-pnj-1.png', 79);
INSERT INTO minhphap_jewerly.image (id, path, product_id) VALUES (311, 'https://cdn.pnj.io/images/thumbnails/485/485/detailed/182/sp-GVPFXMC000009-vong-tay-vang-14k-dinh-ngoc-trai-freshwater-pnj-2.png', 79);
INSERT INTO minhphap_jewerly.image (id, path, product_id) VALUES (312, 'https://cdn.pnj.io/images/thumbnails/485/485/detailed/182/on-GVPFXMC000009-vong-tay-vang-14k-dinh-ngoc-trai-freshwater-pnj-1.jpg', 79);
INSERT INTO minhphap_jewerly.image (id, path, product_id) VALUES (313, 'https://cdn.pnj.io/images/thumbnails/485/485/detailed/182/on-GVPFXMC000009-vong-tay-vang-14k-dinh-ngoc-trai-freshwater-pnj-2.jpg', 79);
INSERT INTO minhphap_jewerly.image (id, path, product_id) VALUES (314, 'https://cdn.pnj.io/images/thumbnails/485/485/detailed/169/sp-gvtpxmw000110-vong-tay-vang-14k-pnj-1.png', 80);
INSERT INTO minhphap_jewerly.image (id, path, product_id) VALUES (315, 'https://cdn.pnj.io/images/thumbnails/485/485/detailed/169/sp-gvtpxmw000110-vong-tay-vang-14k-pnj-2.png', 80);
INSERT INTO minhphap_jewerly.image (id, path, product_id) VALUES (316, 'https://cdn.pnj.io/images/thumbnails/485/485/detailed/170/on-gvtpxmw000110-vong-tay-vang-14k-pnj-1.jpg', 80);
INSERT INTO minhphap_jewerly.image (id, path, product_id) VALUES (317, 'https://cdn.pnj.io/images/thumbnails/485/485/detailed/170/on-gvtpxmw000110-vong-tay-vang-14k-pnj-2.jpg', 80);
INSERT INTO minhphap_jewerly.image (id, path, product_id) VALUES (318, 'https://cdn.pnj.io/images/thumbnails/485/485/detailed/195/sp-svxmxmw060013-vong-tay-bac-dinh-da-pnjsilver-1.png', 81);
INSERT INTO minhphap_jewerly.image (id, path, product_id) VALUES (319, 'https://cdn.pnj.io/images/thumbnails/485/485/detailed/195/sp-svxmxmw060013-vong-tay-bac-dinh-da-pnjsilver-2.png', 81);
INSERT INTO minhphap_jewerly.image (id, path, product_id) VALUES (320, 'https://cdn.pnj.io/images/thumbnails/485/485/detailed/195/on-svxmxmw060013-vong-tay-bac-dinh-da-pnjsilver-1.jpg', 81);
INSERT INTO minhphap_jewerly.image (id, path, product_id) VALUES (321, 'https://cdn.pnj.io/images/thumbnails/485/485/detailed/195/on-svxmxmw060013-vong-tay-bac-dinh-da-pnjsilver-2.jpg', 81);
INSERT INTO minhphap_jewerly.image (id, path, product_id) VALUES (322, 'https://cdn.pnj.io/images/thumbnails/485/485/detailed/175/sp-svztztw000005-vong-tay-bac-dinh-da-sythertic-style-by-pnj-unisex-1.png', 82);
INSERT INTO minhphap_jewerly.image (id, path, product_id) VALUES (323, 'https://cdn.pnj.io/images/thumbnails/485/485/detailed/175/sp-svztztw000005-vong-tay-bac-dinh-da-sythertic-style-by-pnj-unisex-2.png', 82);
INSERT INTO minhphap_jewerly.image (id, path, product_id) VALUES (324, 'https://cdn.pnj.io/images/thumbnails/485/485/detailed/175/on-svztztw000005-vong-tay-bac-dinh-da-sythertic-style-by-pnj-unisex-1.jpg', 82);
INSERT INTO minhphap_jewerly.image (id, path, product_id) VALUES (325, 'https://cdn.pnj.io/images/thumbnails/485/485/detailed/175/on-svztztw000005-vong-tay-bac-dinh-da-sythertic-style-by-pnj-unisex-2.jpg', 82);
INSERT INTO minhphap_jewerly.image (id, path, product_id) VALUES (326, 'https://cdn.pnj.io/images/thumbnails/485/485/detailed/168/sp-sv0000w060011-vong-tay-bac-pnjsilver-1.png', 83);
INSERT INTO minhphap_jewerly.image (id, path, product_id) VALUES (327, 'https://cdn.pnj.io/images/thumbnails/485/485/detailed/168/sp-sv0000w060011-vong-tay-bac-pnjsilver-2.png', 83);
INSERT INTO minhphap_jewerly.image (id, path, product_id) VALUES (328, 'https://cdn.pnj.io/images/thumbnails/485/485/detailed/169/sp-sv0000w060011-vong-tay-bac-pnjsilver-2.png', 83);
INSERT INTO minhphap_jewerly.image (id, path, product_id) VALUES (329, 'https://cdn.pnj.io/images/thumbnails/485/485/detailed/152/sv0000w060025-vong-bac-disneypnj-1.png', 84);
INSERT INTO minhphap_jewerly.image (id, path, product_id) VALUES (330, 'https://cdn.pnj.io/images/thumbnails/485/485/detailed/152/sv0000w060025-vong-bac-disneypnj-2.png', 84);
INSERT INTO minhphap_jewerly.image (id, path, product_id) VALUES (331, 'https://cdn.pnj.io/images/thumbnails/485/485/detailed/188/on-sv0000w060025-vong-tay-bac-disney-pnj-peter-pan-1.jpg', 84);
INSERT INTO minhphap_jewerly.image (id, path, product_id) VALUES (332, 'https://cdn.pnj.io/images/thumbnails/485/485/detailed/188/on-sv0000w060025-vong-tay-bac-disney-pnj-peter-pan-2.jpg', 84);
INSERT INTO minhphap_jewerly.image (id, path, product_id) VALUES (333, 'https://cdn.pnj.io/images/thumbnails/485/485/detailed/136/svxm00w000012-vong-tay-bac-dinh-da-cz-style-by-pnj-em-va-trinh-01.png', 85);
INSERT INTO minhphap_jewerly.image (id, path, product_id) VALUES (334, 'https://cdn.pnj.io/images/thumbnails/485/485/detailed/136/svxm00w000012-vong-tay-bac-dinh-da-cz-style-by-pnj-em-va-trinh-02.png', 85);
INSERT INTO minhphap_jewerly.image (id, path, product_id) VALUES (335, 'https://cdn.pnj.io/images/thumbnails/485/485/detailed/136/svxm00w000012-vong-tay-bac-dinh-da-cz-style-by-pnj-em-va-trinh-03.png', 85);
INSERT INTO minhphap_jewerly.image (id, path, product_id) VALUES (336, 'https://cdn.pnj.io/images/thumbnails/485/485/detailed/136/svxm00w000012-vong-tay-bac-dinh-da-cz-style-by-pnj-em-va-trinh-04.jpg', 85);
INSERT INTO minhphap_jewerly.image (id, path, product_id) VALUES (337, 'https://cdn.pnj.io/images/thumbnails/485/485/detailed/149/PVDDDDW060000-Vong-tay-Bach-kim-Trang-PNJ-1.png', 86);
INSERT INTO minhphap_jewerly.image (id, path, product_id) VALUES (338, 'https://cdn.pnj.io/images/thumbnails/485/485/detailed/149/PVDDDDW060000-Vong-tay-Bach-kim-Trang-PNJ-2.png', 86);
INSERT INTO minhphap_jewerly.image (id, path, product_id) VALUES (339, 'https://cdn.pnj.io/images/thumbnails/485/485/detailed/149/PVDDDDW060000-Vong-tay-Bach-kim-Trang-PNJ-4.jpg', 86);
INSERT INTO minhphap_jewerly.image (id, path, product_id) VALUES (340, 'https://cdn.pnj.io/images/thumbnails/485/485/detailed/149/PVDDDDW060000-Vong-tay-Bach-kim-Trang-PNJ-5.jpg', 86);
INSERT INTO minhphap_jewerly.image (id, path, product_id) VALUES (341, 'https://cdn.pnj.io/images/thumbnails/485/485/detailed/147/PVDD00W060000-Vong-tay-Bach-kim-Trang-dinh-Kim-cuong-PNJ-1.png', 87);
INSERT INTO minhphap_jewerly.image (id, path, product_id) VALUES (342, 'https://cdn.pnj.io/images/thumbnails/485/485/detailed/147/PVDD00W060000-Vong-tay-Bach-kim-Trang-dinh-Kim-cuong-PNJ-2.png', 87);
INSERT INTO minhphap_jewerly.image (id, path, product_id) VALUES (343, 'https://cdn.pnj.io/images/thumbnails/485/485/detailed/147/PVDD00W060000-Vong-tay-Bach-kim-Trang-dinh-Kim-cuong-PNJ-3.png', 87);
INSERT INTO minhphap_jewerly.image (id, path, product_id) VALUES (344, 'https://cdn.pnj.io/images/thumbnails/485/485/detailed/147/PVDD00W060000-Vong-tay-Bach-kim-Trang-dinh-Kim-cuong-PNJ-4.jpg', 87);
INSERT INTO minhphap_jewerly.image (id, path, product_id) VALUES (345, 'https://cdn.pnj.io/images/thumbnails/485/485/detailed/196/sp-gvddddc000012-vong-tay-kim-cuong-vang-trang-14k-pnj-1.png', 88);
INSERT INTO minhphap_jewerly.image (id, path, product_id) VALUES (346, 'https://cdn.pnj.io/images/thumbnails/485/485/detailed/196/sp-gvddddc000012-vong-tay-kim-cuong-vang-trang-14k-pnj-2.png', 88);
INSERT INTO minhphap_jewerly.image (id, path, product_id) VALUES (347, 'https://cdn.pnj.io/images/thumbnails/485/485/detailed/196/on-gvddddc000012-vong-tay-kim-cuong-vang-trang-14k-pnj-1.jpg', 88);
INSERT INTO minhphap_jewerly.image (id, path, product_id) VALUES (348, 'https://cdn.pnj.io/images/thumbnails/485/485/detailed/196/on-gvddddc000012-vong-tay-kim-cuong-vang-trang-14k-pnj-2.jpg', 88);
INSERT INTO minhphap_jewerly.image (id, path, product_id) VALUES (349, 'https://cdn.pnj.io/images/thumbnails/485/485/detailed/98/gv0000w000434-vong-tay-vang-trang-y-18k-pnj-001.png', 89);
INSERT INTO minhphap_jewerly.image (id, path, product_id) VALUES (350, 'https://cdn.pnj.io/images/thumbnails/485/485/detailed/98/gv0000w000434-vong-tay-vang-trang-y-18k-pnj-002.png', 89);
INSERT INTO minhphap_jewerly.image (id, path, product_id) VALUES (351, 'https://cdn.pnj.io/images/thumbnails/485/485/detailed/98/gv0000w000434-vong-tay-vang-trang-y-18k-pnj-003.png', 89);
INSERT INTO minhphap_jewerly.image (id, path, product_id) VALUES (352, 'https://cdn.pnj.io/images/thumbnails/485/485/detailed/98/gv0000w000434-vong-tay-vang-trang-y-18k-pnj-004.jpg', 89);
INSERT INTO minhphap_jewerly.image (id, path, product_id) VALUES (353, 'https://cdn.pnj.io/images/thumbnails/485/485/detailed/37/gvdrwb70603.106-vong-tay-pnj-vang-trang-10k-dinh-da-ecz-01.png', 90);
INSERT INTO minhphap_jewerly.image (id, path, product_id) VALUES (354, 'https://cdn.pnj.io/images/thumbnails/485/485/detailed/37/gvdrwb70603.106-vong-tay-pnj-vang-trang-10k-dinh-da-ecz-02.png', 90);
INSERT INTO minhphap_jewerly.image (id, path, product_id) VALUES (355, 'https://cdn.pnj.io/images/thumbnails/485/485/detailed/37/gvdrwb70603.106-vong-tay-pnj-vang-trang-10k-dinh-da-ecz-03.png', 90);
INSERT INTO minhphap_jewerly.image (id, path, product_id) VALUES (356, 'https://cdn.pnj.io/images/thumbnails/485/485/detailed/184/sp-ghxmxmy000036-kieng-cuoi-vang-18k-dinh-da-ecz-pnj-trau-cau-1.png', 91);
INSERT INTO minhphap_jewerly.image (id, path, product_id) VALUES (357, 'https://cdn.pnj.io/images/thumbnails/485/485/detailed/184/sp-ghxmxmy000036-kieng-cuoi-vang-18k-dinh-da-ecz-pnj-trau-cau-2.png', 91);
INSERT INTO minhphap_jewerly.image (id, path, product_id) VALUES (358, 'https://cdn.pnj.io/images/thumbnails/485/485/detailed/184/sp-ghxmxmy000036-kieng-cuoi-vang-18k-dinh-da-ecz-pnj-trau-cau-3.png', 91);
INSERT INTO minhphap_jewerly.image (id, path, product_id) VALUES (359, 'https://cdn.pnj.io/images/thumbnails/485/485/detailed/183/on-bo-trang-suc-cuoi-vang-18k-dinh-da-ecz-pnj-trau-cau-00036-06013-1.jpg', 91);
INSERT INTO minhphap_jewerly.image (id, path, product_id) VALUES (360, 'https://cdn.pnj.io/images/thumbnails/485/485/detailed/182/sp-GH0000W060261-kieng-vang-trang-18k-pnj-1.png', 92);
INSERT INTO minhphap_jewerly.image (id, path, product_id) VALUES (361, 'https://cdn.pnj.io/images/thumbnails/485/485/detailed/182/sp-GH0000W060261-kieng-vang-trang-18k-pnj-2.png', 92);
INSERT INTO minhphap_jewerly.image (id, path, product_id) VALUES (362, 'https://cdn.pnj.io/images/thumbnails/485/485/detailed/182/on-GH0000W060261-kieng-vang-trang-18k-pnj-1.jpg', 92);
INSERT INTO minhphap_jewerly.image (id, path, product_id) VALUES (363, 'https://cdn.pnj.io/images/thumbnails/485/485/detailed/182/on-GH0000W060261-kieng-vang-trang-18k-pnj-2.jpg', 92);
INSERT INTO minhphap_jewerly.image (id, path, product_id) VALUES (364, 'https://cdn.pnj.io/images/thumbnails/485/485/detailed/158/gh0000w060267-kieng-vang-trang-18k-pnj-1.png', 93);
INSERT INTO minhphap_jewerly.image (id, path, product_id) VALUES (365, 'https://cdn.pnj.io/images/thumbnails/485/485/detailed/158/gh0000w060267-kieng-vang-trang-18k-pnj-2.png', 93);
INSERT INTO minhphap_jewerly.image (id, path, product_id) VALUES (366, 'https://cdn.pnj.io/images/thumbnails/485/485/detailed/158/gh0000w060267-kieng-vang-trang-18k-pnj-3.png', 93);
INSERT INTO minhphap_jewerly.image (id, path, product_id) VALUES (367, 'https://cdn.pnj.io/images/thumbnails/485/485/detailed/158/gh0000w060267-kieng-vang-trang-18k-pnj-4.jpg', 93);
INSERT INTO minhphap_jewerly.image (id, path, product_id) VALUES (368, 'https://cdn.pnj.io/images/thumbnails/485/485/detailed/192/sp-gh0000y060105-kieng-cuoi-vang-24k-pnj-1.png', 94);
INSERT INTO minhphap_jewerly.image (id, path, product_id) VALUES (369, 'https://cdn.pnj.io/images/thumbnails/485/485/detailed/192/sp-gh0000y060105-kieng-cuoi-vang-24k-pnj-2.png', 94);
INSERT INTO minhphap_jewerly.image (id, path, product_id) VALUES (370, 'https://cdn.pnj.io/images/thumbnails/485/485/detailed/192/sp-gh0000y060105-kieng-cuoi-vang-24k-pnj-3.png', 94);
INSERT INTO minhphap_jewerly.image (id, path, product_id) VALUES (371, 'https://cdn.pnj.io/images/thumbnails/485/485/detailed/73/gh0000w060021-kieng-vang-trang-y-18k-pnj-01.png', 95);
INSERT INTO minhphap_jewerly.image (id, path, product_id) VALUES (372, 'https://cdn.pnj.io/images/thumbnails/485/485/detailed/73/gh0000w060021-kieng-vang-trang-y-18k-pnj-02.png', 95);
INSERT INTO minhphap_jewerly.image (id, path, product_id) VALUES (373, 'https://cdn.pnj.io/images/thumbnails/485/485/detailed/73/gh0000w060021-kieng-vang-trang-y-18k-pnj-03.png', 95);
INSERT INTO minhphap_jewerly.image (id, path, product_id) VALUES (374, 'https://cdn.pnj.io/images/thumbnails/485/485/detailed/73/gh0000w060021-kieng-vang-trang-y-18k-pnj-04.jpg', 95);
INSERT INTO minhphap_jewerly.image (id, path, product_id) VALUES (375, 'https://cdn.pnj.io/images/thumbnails/485/485/detailed/82/sh0000w060017-kieng-bac-y-pnjsilver-kieu-luon-song-01.png', 96);
INSERT INTO minhphap_jewerly.image (id, path, product_id) VALUES (376, 'https://cdn.pnj.io/images/thumbnails/485/485/detailed/82/sh0000w060017-kieng-bac-y-pnjsilver-kieu-luon-song-02.png', 96);
INSERT INTO minhphap_jewerly.image (id, path, product_id) VALUES (377, 'https://cdn.pnj.io/images/thumbnails/485/485/detailed/82/sh0000w060017-kieng-bac-y-pnjsilver-kieu-luon-song-03.png', 96);
INSERT INTO minhphap_jewerly.image (id, path, product_id) VALUES (378, 'https://cdn.pnj.io/images/thumbnails/485/485/detailed/82/sh0000w060017-kieng-bac-y-pnjsilver-kieu-luon-song-04.jpg', 96);
INSERT INTO minhphap_jewerly.image (id, path, product_id) VALUES (379, 'https://cdn.pnj.io/images/thumbnails/485/485/detailed/148/sh0000w060020-kieng-bac-y-pnjsilver-1.png', 97);
INSERT INTO minhphap_jewerly.image (id, path, product_id) VALUES (380, 'https://cdn.pnj.io/images/thumbnails/485/485/detailed/148/sh0000w060020-kieng-bac-y-pnjsilver-2.png', 97);
INSERT INTO minhphap_jewerly.image (id, path, product_id) VALUES (381, 'https://cdn.pnj.io/images/thumbnails/485/485/detailed/148/sh0000w060020-kieng-bac-y-pnjsilver-3.png', 97);
INSERT INTO minhphap_jewerly.image (id, path, product_id) VALUES (382, 'https://cdn.pnj.io/images/thumbnails/485/485/detailed/148/sh0000w060020-kieng-bac-y-pnjsilver-4.jpg', 97);
INSERT INTO minhphap_jewerly.image (id, path, product_id) VALUES (383, 'https://cdn.pnj.io/images/thumbnails/485/485/detailed/142/sh0000c060003-kieng-bac-y-pnjsilver.png', 98);
INSERT INTO minhphap_jewerly.image (id, path, product_id) VALUES (384, 'https://cdn.pnj.io/images/thumbnails/485/485/detailed/142/sh0000c060003-kieng-bac-y-pnjsilver-01.png', 98);
INSERT INTO minhphap_jewerly.image (id, path, product_id) VALUES (385, 'https://cdn.pnj.io/images/thumbnails/485/485/detailed/143/sh0000c060003-kieng-bac-y-pnjsilver.jpg', 98);
INSERT INTO minhphap_jewerly.image (id, path, product_id) VALUES (386, 'https://cdn.pnj.io/images/thumbnails/485/485/detailed/143/sh0000c060003-kieng-bac-y-pnjsilver-01.jpg', 98);
INSERT INTO minhphap_jewerly.image (id, path, product_id) VALUES (387, 'https://cdn.pnj.io/images/thumbnails/485/485/detailed/178/sp-sh0000w060015-kieng-bac-y-pnjsilver-1.png', 99);
INSERT INTO minhphap_jewerly.image (id, path, product_id) VALUES (388, 'https://cdn.pnj.io/images/thumbnails/485/485/detailed/178/sp-sh0000w060015-kieng-bac-y-pnjsilver-2.png', 99);
INSERT INTO minhphap_jewerly.image (id, path, product_id) VALUES (389, 'https://cdn.pnj.io/images/thumbnails/485/485/detailed/178/on-sh0000w060015-kieng-bac-y-pnjsilver-4.jpg', 99);
INSERT INTO minhphap_jewerly.image (id, path, product_id) VALUES (390, 'https://cdn.pnj.io/images/thumbnails/485/485/detailed/78/sh0000k060009-kieng-bac-y-pnjsilver-01.png', 100);
INSERT INTO minhphap_jewerly.image (id, path, product_id) VALUES (391, 'https://cdn.pnj.io/images/thumbnails/485/485/detailed/78/sh0000k060009-kieng-bac-y-pnjsilver-02.png', 100);
INSERT INTO minhphap_jewerly.image (id, path, product_id) VALUES (392, 'https://cdn.pnj.io/images/thumbnails/485/485/detailed/78/sh0000k060009-kieng-bac-y-pnjsilver-03.png', 100);
INSERT INTO minhphap_jewerly.image (id, path, product_id) VALUES (393, 'https://cdn.pnj.io/images/thumbnails/485/485/detailed/78/sh0000k060009-kieng-bac-y-pnjsilver-04.jpg', 100);


INSERT INTO minhphap_jewerly.cart (id, quantity_cart, app_user_id, product_id) VALUES (1, 10, 1, 1);
INSERT INTO minhphap_jewerly.cart (id, quantity_cart, app_user_id, product_id) VALUES (2, 26, 1, 78);


INSERT INTO minhphap_jewerly.orders (id, flag, order_date, app_user_id) VALUES (1, true, '12-12-2023', 2);
INSERT INTO minhphap_jewerly.orders (id, flag, order_date, app_user_id) VALUES (2, false, '18-12-2023', 2);
INSERT INTO minhphap_jewerly.orders (id, flag, order_date, app_user_id) VALUES (3, false, '18-12-2023', 2);
INSERT INTO minhphap_jewerly.orders (id, flag, order_date, app_user_id) VALUES (4, false, '18-12-2023', 2);
INSERT INTO minhphap_jewerly.orders (id, flag, order_date, app_user_id) VALUES (5, false, '19-12-2023', 2);
INSERT INTO minhphap_jewerly.orders (id, flag, order_date, app_user_id) VALUES (6, false, '19-12-2023', 2);
INSERT INTO minhphap_jewerly.orders (id, flag, order_date, app_user_id) VALUES (7, false, '19-12-2023', 2);
INSERT INTO minhphap_jewerly.orders (id, flag, order_date, app_user_id) VALUES (8, false, '19-12-2023', 2);
INSERT INTO minhphap_jewerly.orders (id, flag, order_date, app_user_id) VALUES (9, false, '19-12-2023', 2);
INSERT INTO minhphap_jewerly.orders (id, flag, order_date, app_user_id) VALUES (10, false, '19-12-2023', 2);
INSERT INTO minhphap_jewerly.orders (id, flag, order_date, app_user_id) VALUES (11, false, '21-12-2023', 2);
INSERT INTO minhphap_jewerly.orders (id, flag, order_date, app_user_id) VALUES (12, false, '21-12-2023', 2);
INSERT INTO minhphap_jewerly.orders (id, flag, order_date, app_user_id) VALUES (13, false, '21-12-2023', 2);
INSERT INTO minhphap_jewerly.orders (id, flag, order_date, app_user_id) VALUES (14, false, '21-12-2023', 2);
INSERT INTO minhphap_jewerly.orders (id, flag, order_date, app_user_id) VALUES (15, false, '22-12-2023', 2);
INSERT INTO minhphap_jewerly.orders (id, flag, order_date, app_user_id) VALUES (16, false, '22-12-2023', 2);
INSERT INTO minhphap_jewerly.orders (id, flag, order_date, app_user_id) VALUES (17, false, '22-12-2023', 2);
INSERT INTO minhphap_jewerly.orders (id, flag, order_date, app_user_id) VALUES (18, false, '22-12-2023', 2);
INSERT INTO minhphap_jewerly.orders (id, flag, order_date, app_user_id) VALUES (19, false, '25-12-2023', 2);
INSERT INTO minhphap_jewerly.orders (id, flag, order_date, app_user_id) VALUES (20, false, '25-12-2023', 2);
INSERT INTO minhphap_jewerly.orders (id, flag, order_date, app_user_id) VALUES (21, false, '25-12-2023', 2);


INSERT INTO minhphap_jewerly.order_detail (id, flag, quantity_order, order_id, total_price, product_id) VALUES (1, true, 23, 1, 3523521, 56);
INSERT INTO minhphap_jewerly.order_detail (id, flag, quantity_order, order_id, total_price, product_id) VALUES (2, true, 1, 1, 9797996, 2);
INSERT INTO minhphap_jewerly.order_detail (id, flag, quantity_order, order_id, total_price, product_id) VALUES (3, true, 1, 3, 3490000, 100);
INSERT INTO minhphap_jewerly.order_detail (id, flag, quantity_order, order_id, total_price, product_id) VALUES (4, true, 1, 3, 10990000, 61);
INSERT INTO minhphap_jewerly.order_detail (id, flag, quantity_order, order_id, total_price, product_id) VALUES (5, true, 2, 3, 6900000, 32);
INSERT INTO minhphap_jewerly.order_detail (id, flag, quantity_order, order_id, total_price, product_id) VALUES (6, true, 1, 4, 3757800, 3);
INSERT INTO minhphap_jewerly.order_detail (id, flag, quantity_order, order_id, total_price, product_id) VALUES (7, true, 6, 5, 1195000, 96);
INSERT INTO minhphap_jewerly.order_detail (id, flag, quantity_order, order_id, total_price, product_id) VALUES (8, true, 3, 5, 136973000, 14);
INSERT INTO minhphap_jewerly.order_detail (id, flag, quantity_order, order_id, total_price, product_id) VALUES (9, true, 10, 6, 3757800, 3);
INSERT INTO minhphap_jewerly.order_detail (id, flag, quantity_order, order_id, total_price, product_id) VALUES (10, true, 9, 7, 8938600, 2);
INSERT INTO minhphap_jewerly.order_detail (id, flag, quantity_order, order_id, total_price, product_id) VALUES (11, true, 7, 8, 8938600, 2);
INSERT INTO minhphap_jewerly.order_detail (id, flag, quantity_order, order_id, total_price, product_id) VALUES (12, true, 1, 9, 16400000, 58);
INSERT INTO minhphap_jewerly.order_detail (id, flag, quantity_order, order_id, total_price, product_id) VALUES (13, true, 1, 9, 3575000, 59);
INSERT INTO minhphap_jewerly.order_detail (id, flag, quantity_order, order_id, total_price, product_id) VALUES (14, true, 2, 9, 19323000, 16);
INSERT INTO minhphap_jewerly.order_detail (id, flag, quantity_order, order_id, total_price, product_id) VALUES (15, true, 1, 9, 6576000, 47);
INSERT INTO minhphap_jewerly.order_detail (id, flag, quantity_order, order_id, total_price, product_id) VALUES (16, true, 1, 11, 19323000, 16);
INSERT INTO minhphap_jewerly.order_detail (id, flag, quantity_order, order_id, total_price, product_id) VALUES (17, true, 4, 11, 19997000, 78);
INSERT INTO minhphap_jewerly.order_detail (id, flag, quantity_order, order_id, total_price, product_id) VALUES (18, true, 5, 11, 2990000, 27);
INSERT INTO minhphap_jewerly.order_detail (id, flag, quantity_order, order_id, total_price, product_id) VALUES (19, true, 2, 12, 3757800, 3);
INSERT INTO minhphap_jewerly.order_detail (id, flag, quantity_order, order_id, total_price, product_id) VALUES (20, true, 1, 12, 8938600, 2);
INSERT INTO minhphap_jewerly.order_detail (id, flag, quantity_order, order_id, total_price, product_id) VALUES (21, true, 2, 13, 3757800, 3);
INSERT INTO minhphap_jewerly.order_detail (id, flag, quantity_order, order_id, total_price, product_id) VALUES (22, true, 1, 13, 8938600, 2);
INSERT INTO minhphap_jewerly.order_detail (id, flag, quantity_order, order_id, total_price, product_id) VALUES (23, true, 12, 14, 1245000, 99);
INSERT INTO minhphap_jewerly.order_detail (id, flag, quantity_order, order_id, total_price, product_id) VALUES (24, true, 1, 15, 13464000, 1);
INSERT INTO minhphap_jewerly.order_detail (id, flag, quantity_order, order_id, total_price, product_id) VALUES (25, true, 1, 15, 1245000, 99);
INSERT INTO minhphap_jewerly.order_detail (id, flag, quantity_order, order_id, total_price, product_id) VALUES (26, true, 14, 16, 8938600, 2);
INSERT INTO minhphap_jewerly.order_detail (id, flag, quantity_order, order_id, total_price, product_id) VALUES (27, true, 2, 17, 136973000, 14);
INSERT INTO minhphap_jewerly.order_detail (id, flag, quantity_order, order_id, total_price, product_id) VALUES (28, true, 4, 18, 212509000, 12);
INSERT INTO minhphap_jewerly.order_detail (id, flag, quantity_order, order_id, total_price, product_id) VALUES (29, true, 1, 19, 3757800, 3);
INSERT INTO minhphap_jewerly.order_detail (id, flag, quantity_order, order_id, total_price, product_id) VALUES (30, true, 1, 19, 795000, 7);
INSERT INTO minhphap_jewerly.order_detail (id, flag, quantity_order, order_id, total_price, product_id) VALUES (31, true, 1, 19, 357000, 8);
INSERT INTO minhphap_jewerly.order_detail (id, flag, quantity_order, order_id, total_price, product_id) VALUES (32, true, 4, 20, 795000, 7);
INSERT INTO minhphap_jewerly.order_detail (id, flag, quantity_order, order_id, total_price, product_id) VALUES (33, true, 1, 21, 1245000, 99);
INSERT INTO minhphap_jewerly.order_detail (id, flag, quantity_order, order_id, total_price, product_id) VALUES (34, true, 2, 21, 9191000, 4);
INSERT INTO minhphap_jewerly.order_detail (id, flag, quantity_order, order_id, total_price, product_id) VALUES (35, true, 3, 21, 13464000, 1);

